phylum,variable,value
Proteobacteria,dsrK,1
Proteobacteria,dsrK,1
Proteobacteria,dsrK,1
Proteobacteria,dsrK,1
Proteobacteria,dsrK,1
Proteobacteria,dsrK,1
Proteobacteria,dsrK,1
Latescibacterota,dsrK,1
Desulfobacterota_D,soxXA,1
Proteobacteria,soxXA,1
Proteobacteria,soxXA,1
Proteobacteria,soxXA,1
Proteobacteria,soxXA,1
Proteobacteria,soxXA,1
Desulfobacterota_D,soxXA,1
Proteobacteria,soxXA,1
Proteobacteria,soxXA,1
Proteobacteria,soxXA,1
Proteobacteria,soxXA,1
Proteobacteria,soxXA,1
Nitrospirota,soxXA,1
Proteobacteria,soxXA,1
Proteobacteria,soxXA,1
Proteobacteria,soxXA,1
Proteobacteria,soxXA,1
Bacteroidota,soxXA,1
Proteobacteria,soxXA,1
Proteobacteria,soxXA,1
Proteobacteria,soxXA,1
Proteobacteria,soxXA,1
Proteobacteria,soxB,1
Proteobacteria,soxB,1
Chloroflexota,soxB,1
Proteobacteria,soxB,1
Proteobacteria,soxB,1
Actinobacteriota,soxB,1
KSB1,soxB,1
Proteobacteria,soxB,1
Proteobacteria,soxB,1
SAR324,soxB,1
Gemmatimonadota,soxB,1
Planctomycetota,soxB,1
Proteobacteria,soxB,1
Bacteroidota,soxB,1
Planctomycetota,soxB,1
Proteobacteria,soxB,1
Proteobacteria,soxB,1
Gemmatimonadota,soxB,1
Proteobacteria,soxB,1
Proteobacteria,soxB,1
Proteobacteria,soxB,1
Nitrospirota,soxB,1
Actinobacteriota,soxB,1
Bacteroidota,soxB,1
Bacteroidota,soxB,1
Planctomycetota,soxB,1
SAR324,soxB,1
Proteobacteria,soxB,1
Latescibacterota,soxB,1
Planctomycetota,soxB,1
SAR324,soxB,1
Proteobacteria,soxB,1
Nitrospirota,soxB,1
Planctomycetota,soxB,1
Proteobacteria,soxB,1
Chloroflexota,soxB,1
Chloroflexota,soxB,1
Proteobacteria,soxB,1
Verrucomicrobiota,soxB,1
Actinobacteriota,soxB,1
Poribacteria,soxB,1
Proteobacteria,soxB,1
Gemmatimonadota,soxB,1
Desulfobacterota_B,soxB,1
Gemmatimonadota,soxB,1
Actinobacteriota,soxC,1
Planctomycetota,soxC,1
Chloroflexota,soxC,1
Proteobacteria,soxC,1
Proteobacteria,soxC,1
Proteobacteria,soxC,1
Actinobacteriota,soxC,1
Proteobacteria,soxC,1
SAR324,soxC,1
Planctomycetota,soxC,1
Proteobacteria,soxC,1
Planctomycetota,soxC,1
Proteobacteria,soxC,1
Proteobacteria,soxC,1
Chloroflexota,soxC,1
Proteobacteria,soxC,1
Acidobacteriota,soxC,1
Proteobacteria,soxC,1
Planctomycetota,soxC,1
Proteobacteria,soxC,1
Proteobacteria,soxC,1
Nitrospirota,soxC,1
Proteobacteria,soxC,1
Proteobacteria,soxC,1
Proteobacteria,soxC,1
Gemmatimonadota,soxC,1
Chloroflexota,soxC,1
Nitrospirota,soxC,1
Actinobacteriota,soxC,1
Proteobacteria,soxC,1
Proteobacteria,soxC,1
Planctomycetota,soxC,1
Proteobacteria,soxC,1
Proteobacteria,soxC,1
Proteobacteria,soxC,1
Proteobacteria,soxC,1
Planctomycetota,soxC,1
SAR324,soxC,1
Planctomycetota,soxC,1
Chloroflexota,soxC,1
Acidobacteriota,soxC,1
Chloroflexota,soxC,1
Chloroflexota,soxC,1
Verrucomicrobiota,soxC,1
Actinobacteriota,soxC,1
Acidobacteriota,soxC,1
Acidobacteriota,soxC,1
Acidobacteriota,soxC,1
Actinobacteriota,soxC,1
Chloroflexota,soxC,1
Proteobacteria,soxC,1
Desulfobacterota_B,soxC,1
Proteobacteria,soxC,1
Chloroflexota,soxC,1
Planctomycetota,soxC,1
Proteobacteria,soxC,1
Actinobacteriota,soxC,1
Gemmatimonadota,soxC,1
Proteobacteria,soxD,1
Proteobacteria,soxD,1
Proteobacteria,soxD,1
Proteobacteria,soxD,1
Proteobacteria,soxD,1
Proteobacteria,soxD,1
Proteobacteria,soxD,1
SAR324,soxD,1
Proteobacteria,soxD,1
Proteobacteria,soxD,1
Proteobacteria,soxD,1
Proteobacteria,soxD,1
Proteobacteria,soxD,1
Proteobacteria,soxD,1
Proteobacteria,soxD,1
Proteobacteria,soxD,1
Proteobacteria,soxD,1
Acidobacteriota,soxD,1
Proteobacteria,soxD,1
Proteobacteria,soxD,1
Proteobacteria,soxD,1
Proteobacteria,soxD,1
Nitrospirota,soxD,1
Proteobacteria,soxD,1
Proteobacteria,soxD,1
Proteobacteria,soxD,1
Proteobacteria,soxD,1
Proteobacteria,soxD,1
Proteobacteria,soxD,1
Nitrospirota,soxD,1
Proteobacteria,soxD,1
Proteobacteria,soxD,1
Proteobacteria,soxD,1
Proteobacteria,soxD,1
Proteobacteria,soxD,1
Proteobacteria,soxD,1
Proteobacteria,soxD,1
Proteobacteria,soxD,1
Planctomycetota,soxD,1
Proteobacteria,soxD,1
Proteobacteria,soxD,1
Proteobacteria,soxD,1
Proteobacteria,soxD,1
Acidobacteriota,soxD,1
Proteobacteria,soxD,1
Proteobacteria,soxD,1
Proteobacteria,soxD,1
Proteobacteria,soxD,1
Proteobacteria,soxD,1
Gemmatimonadota,soxD,1
Proteobacteria,fccAB,1
Proteobacteria,fccAB,1
Proteobacteria,fccAB,1
Proteobacteria,fccAB,1
Proteobacteria,fccAB,1
Proteobacteria,fccAB,1
Proteobacteria,fccAB,1
Proteobacteria,fccAB,1
Proteobacteria,fccAB,1
Proteobacteria,fccAB,1
Proteobacteria,fccAB,1
Proteobacteria,fccAB,1
Proteobacteria,fccAB,1
Proteobacteria,fccAB,1
Proteobacteria,fccAB,1
Proteobacteria,fccAB,1
Proteobacteria,fccAB,1
Proteobacteria,fccAB,1
Proteobacteria,fccAB,1
Proteobacteria,fccAB,1
Proteobacteria,fccAB,1
SAR324,fccAB,1
Chloroflexota,fccAB,1
Myxococcota_A,fccAB,1
Proteobacteria,fccAB,1
Proteobacteria,fccAB,1
Proteobacteria,fccAB,1
Proteobacteria,fccAB,1
Proteobacteria,fccAB,1
Chloroflexota,fccAB,1
Proteobacteria,sat,1
Proteobacteria,sat,1
Proteobacteria,sat,1
Planctomycetota,sat,1
Proteobacteria,sat,1
Proteobacteria,sat,1
Proteobacteria,sat,1
Thermoproteota,sat,1
KSB1,sat,1
Proteobacteria,sat,1
Planctomycetota,sat,1
Thermoproteota,sat,1
Proteobacteria,sat,1
Proteobacteria,sat,1
Proteobacteria,sat,1
Planctomycetota,sat,1
Proteobacteria,sat,1
Proteobacteria,sat,1
Bacteroidota,sat,1
Planctomycetota,sat,1
Thermoproteota,sat,1
Planctomycetota,sat,1
Proteobacteria,sat,1
Proteobacteria,sat,1
Acidobacteriota,sat,1
Proteobacteria,sat,1
Myxococcota_A,sat,1
Planctomycetota,sat,1
Bacteroidota,sat,1
Proteobacteria,sat,1
Proteobacteria,sat,1
Thermoproteota,sat,1
Proteobacteria,sat,1
Planctomycetota,sat,1
Proteobacteria,sat,1
Proteobacteria,sat,1
Desulfobacterota_B,sat,1
Planctomycetota,sat,1
Desulfobacterota_B,sat,1
Proteobacteria,sat,1
Gemmatimonadota,sat,1
Gemmatimonadota,sat,1
Bacteroidota,sat,1
Proteobacteria,sat,1
Methylomirabilota,sat,1
Proteobacteria,sat,1
Proteobacteria,sat,1
Latescibacterota,sat,1
Krumholzibacteriota,sat,1
Planctomycetota,sat,1
Proteobacteria,sat,1
Acidobacteriota,sat,1
Methylomirabilota,sat,1
Myxococcota_A,sat,1
Proteobacteria,sat,1
Proteobacteria,sat,1
Planctomycetota,sat,1
Thermoproteota,sat,1
Desulfobacterota_B,sat,1
Planctomycetota,sat,1
Tectomicrobia,sat,1
Myxococcota_A,sat,1
Acidobacteriota,sat,1
Myxococcota_A,sat,1
Verrucomicrobiota,sat,1
Proteobacteria,sat,1
Myxococcota_A,sat,1
Poribacteria,sat,1
Proteobacteria,sat,1
Acidobacteriota,sat,1
Acidobacteriota,sat,1
Desulfobacterota_B,sat,1
Actinobacteriota,sat,1
Tectomicrobia,sat,1
Desulfobacterota_B,sat,1
Proteobacteria,sat,1
Proteobacteria,sat,1
Desulfobacterota_B,sat,1
Proteobacteria,sat,1
Thermoproteota,sat,1
Proteobacteria,sat,1
Actinobacteriota,sir,1
Proteobacteria,sir,1
Proteobacteria,sir,1
Thermoproteota,sir,1
Desulfobacterota_D,sir,1
Desulfobacterota_D,sir,1
Proteobacteria,sir,1
Proteobacteria,sir,1
Proteobacteria,sir,1
Proteobacteria,sir,1
Proteobacteria,sir,1
Desulfobacterota_D,sir,1
Proteobacteria,sir,1
Methylomirabilota,sir,1
Proteobacteria,sir,1
Proteobacteria,sir,1
Methylomirabilota,sir,1
Myxococcota_A,sir,1
Proteobacteria,sir,1
Proteobacteria,sir,1
Proteobacteria,sir,1
Proteobacteria,sir,1
Proteobacteria,sir,1
Proteobacteria,dsrC/dsrMK,1
Proteobacteria,dsrC/dsrMK,1
Proteobacteria,dsrC/dsrMK,1
Proteobacteria,dsrC/dsrMK,1
Proteobacteria,dsrC/dsrMK,1
Proteobacteria,dsrC/dsrMK,1
Proteobacteria,dsrC/dsrMK,1
Latescibacterota,dsrC/dsrMK,1
Thermoproteota,amo-pmo,1
Proteobacteria,amo-pmo,1
Proteobacteria,amo-pmo,1
Proteobacteria,amo-pmo,1
Thermoproteota,amo-pmo,1
Proteobacteria,amo-pmo,1
Desulfobacterota_D,aprAB,1
Proteobacteria,aprAB,1
Proteobacteria,aprAB,1
Proteobacteria,aprAB,1
Proteobacteria,aprAB,1
Planctomycetota,aprAB,1
Chloroflexota,aprAB,1
Proteobacteria,aprAB,1
Proteobacteria,aprAB,1
Proteobacteria,aprAB,1
Proteobacteria,aprAB,1
Proteobacteria,aprAB,1
Actinobacteriota,aprAB,1
Thermoproteota,aprAB,1
KSB1,aprAB,1
Nitrospinota,aprAB,1
Proteobacteria,aprAB,1
Proteobacteria,aprAB,1
SAR324,aprAB,1
Planctomycetota,aprAB,1
Proteobacteria,aprAB,1
Thermoproteota,aprAB,1
Proteobacteria,aprAB,1
Proteobacteria,aprAB,1
Proteobacteria,aprAB,1
Proteobacteria,aprAB,1
Proteobacteria,aprAB,1
Planctomycetota,aprAB,1
SAR324,aprAB,1
Gemmatimonadota,aprAB,1
Planctomycetota,aprAB,1
Proteobacteria,aprAB,1
Proteobacteria,aprAB,1
Planctomycetota,aprAB,1
Proteobacteria,aprAB,1
Proteobacteria,aprAB,1
Proteobacteria,aprAB,1
Desulfobacterota_D,aprAB,1
SAR324,aprAB,1
Bacteroidota,aprAB,1
Planctomycetota,aprAB,1
Planctomycetota,aprAB,1
Chloroflexota,aprAB,1
Desulfobacterota_D,aprAB,1
Acidobacteriota,aprAB,1
Proteobacteria,aprAB,1
Proteobacteria,aprAB,1
Proteobacteria,aprAB,1
Acidobacteriota,aprAB,1
Gemmatimonadota,aprAB,1
Acidobacteriota,aprAB,1
Proteobacteria,aprAB,1
Proteobacteria,aprAB,1
Planctomycetota,aprAB,1
Bacteroidota,aprAB,1
Acidobacteriota,aprAB,1
Chloroflexota,aprAB,1
Proteobacteria,aprAB,1
Proteobacteria,aprAB,1
Proteobacteria,aprAB,1
Desulfobacterota_D,aprAB,1
Nitrospirota,aprAB,1
Proteobacteria,aprAB,1
Thermoproteota,aprAB,1
Proteobacteria,aprAB,1
Planctomycetota,aprAB,1
Actinobacteriota,aprAB,1
Desulfobacterota_D,aprAB,1
Proteobacteria,aprAB,1
Proteobacteria,aprAB,1
Proteobacteria,aprAB,1
Proteobacteria,aprAB,1
Desulfobacterota_B,aprAB,1
Planctomycetota,aprAB,1
Desulfobacterota_B,aprAB,1
Proteobacteria,aprAB,1
Gemmatimonadota,aprAB,1
Gemmatimonadota,aprAB,1
Bacteroidota,aprAB,1
Bacteroidota,aprAB,1
Planctomycetota,aprAB,1
SAR324,aprAB,1
Chloroflexota,aprAB,1
SAR324,aprAB,1
Nitrospirota,aprAB,1
Desulfobacterota_D,aprAB,1
Proteobacteria,aprAB,1
Proteobacteria,aprAB,1
Methylomirabilota,aprAB,1
Proteobacteria,aprAB,1
Actinobacteriota,aprAB,1
Proteobacteria,aprAB,1
Proteobacteria,aprAB,1
Proteobacteria,aprAB,1
Planctomycetota,aprAB,1
Latescibacterota,aprAB,1
Krumholzibacteriota,aprAB,1
Planctomycetota,aprAB,1
SAR324,aprAB,1
Acidobacteriota,aprAB,1
Proteobacteria,aprAB,1
Bacteroidota,aprAB,1
Myxococcota,aprAB,1
Desulfobacterota_D,aprAB,1
Proteobacteria,aprAB,1
Nitrospirota,aprAB,1
Nitrospinota,aprAB,1
Planctomycetota,aprAB,1
Proteobacteria,aprAB,1
Acidobacteriota,aprAB,1
Methylomirabilota,aprAB,1
Myxococcota_A,aprAB,1
Bacteroidota,aprAB,1
Proteobacteria,aprAB,1
Proteobacteria,aprAB,1
Planctomycetota,aprAB,1
Thermoproteota,aprAB,1
Proteobacteria,aprAB,1
Proteobacteria,aprAB,1
Proteobacteria,aprAB,1
Desulfobacterota_B,aprAB,1
Planctomycetota,aprAB,1
SAR324,aprAB,1
Planctomycetota,aprAB,1
Chloroflexota,aprAB,1
Tectomicrobia,aprAB,1
Myxococcota_A,aprAB,1
Acidobacteriota,aprAB,1
SAR324,aprAB,1
Chloroflexota,aprAB,1
Bacteroidota,aprAB,1
Myxococcota_A,aprAB,1
Chloroflexota,aprAB,1
Proteobacteria,aprAB,1
Verrucomicrobiota,aprAB,1
Actinobacteriota,aprAB,1
Proteobacteria,aprAB,1
Myxococcota_A,aprAB,1
Poribacteria,aprAB,1
Bacteroidota,aprAB,1
Proteobacteria,aprAB,1
Acidobacteriota,aprAB,1
Gemmatimonadota,aprAB,1
Acidobacteriota,aprAB,1
Proteobacteria,aprAB,1
Desulfobacterota_B,aprAB,1
Tectomicrobia,aprAB,1
Desulfobacterota_B,aprAB,1
Tectomicrobia,aprAB,1
Proteobacteria,aprAB,1
Proteobacteria,aprAB,1
Chloroflexota,aprAB,1
Proteobacteria,aprAB,1
Desulfobacterota_B,aprAB,1
Proteobacteria,aprAB,1
Thermoproteota,aprAB,1
Proteobacteria,aprAB,1
Chloroflexota,aprAB,1
Planctomycetota,aprAB,1
Proteobacteria,aprAB,1
Actinobacteriota,aprAB,1
Proteobacteria,aprAB,1
SAR324,aprAB,1
Gemmatimonadota,aprAB,1
Proteobacteria,tsdA/tsdB,1
Proteobacteria,tsdA/tsdB,1
Proteobacteria,tsdA/tsdB,1
Proteobacteria,tsdA/tsdB,1
Proteobacteria,tsdA/tsdB,1
Proteobacteria,tsdA/tsdB,1
Proteobacteria,tsdA/tsdB,1
Nitrospinota,tsdA/tsdB,1
Proteobacteria,tsdA/tsdB,1
Proteobacteria,tsdA/tsdB,1
Planctomycetota,tsdA/tsdB,1
Proteobacteria,tsdA/tsdB,1
Proteobacteria,tsdA/tsdB,1
Proteobacteria,tsdA/tsdB,1
Proteobacteria,tsdA/tsdB,1
Proteobacteria,tsdA/tsdB,1
Proteobacteria,tsdA/tsdB,1
Proteobacteria,tsdA/tsdB,1
Bacteroidota,tsdA/tsdB,1
Planctomycetota,tsdA/tsdB,1
Acidobacteriota,tsdA/tsdB,1
Proteobacteria,tsdA/tsdB,1
Proteobacteria,tsdA/tsdB,1
Acidobacteriota,tsdA/tsdB,1
Acidobacteriota,tsdA/tsdB,1
Proteobacteria,tsdA/tsdB,1
Proteobacteria,tsdA/tsdB,1
Acidobacteriota,tsdA/tsdB,1
Proteobacteria,tsdA/tsdB,1
Proteobacteria,tsdA/tsdB,1
Proteobacteria,tsdA/tsdB,1
Proteobacteria,tsdA/tsdB,1
Proteobacteria,tsdA/tsdB,1
Proteobacteria,tsdA/tsdB,1
Bacteroidota,tsdA/tsdB,1
SAR324,tsdA/tsdB,1
Nitrospirota,tsdA/tsdB,1
Proteobacteria,tsdA/tsdB,1
Methylomirabilota,tsdA/tsdB,1
Proteobacteria,tsdA/tsdB,1
Proteobacteria,tsdA/tsdB,1
Proteobacteria,tsdA/tsdB,1
Proteobacteria,tsdA/tsdB,1
Latescibacterota,tsdA/tsdB,1
Planctomycetota,tsdA/tsdB,1
Acidobacteriota,tsdA/tsdB,1
Myxococcota,tsdA/tsdB,1
Proteobacteria,tsdA/tsdB,1
Nitrospirota,tsdA/tsdB,1
Nitrospinota,tsdA/tsdB,1
Proteobacteria,tsdA/tsdB,1
Acidobacteriota,tsdA/tsdB,1
Proteobacteria,tsdA/tsdB,1
Proteobacteria,tsdA/tsdB,1
Planctomycetota,tsdA/tsdB,1
Proteobacteria,tsdA/tsdB,1
Verrucomicrobiota,tsdA/tsdB,1
Proteobacteria,tsdA/tsdB,1
Poribacteria,tsdA/tsdB,1
Proteobacteria,tsdA/tsdB,1
Acidobacteriota,tsdA/tsdB,1
Acidobacteriota,tsdA/tsdB,1
Tectomicrobia,tsdA/tsdB,1
Proteobacteria,tsdA/tsdB,1
Proteobacteria,tsdA/tsdB,1
Proteobacteria,tsdA/tsdB,1
Acidobacteriota,tsdA/tsdB,1
Acidobacteriota,qmoABC,1
Desulfobacterota_B,qmoABC,1
Desulfobacterota_B,qmoABC,1
Proteobacteria,qmoABC,1
Desulfobacterota_B,qmoABC,1
Desulfobacterota_B,qmoABC,1
Desulfobacterota_B,qmoABC,1
Proteobacteria,qmoABC,1
Acidobacteriota,narGHI/napAB,1
Actinobacteriota,narGHI/napAB,1
Proteobacteria,narGHI/napAB,1
Proteobacteria,narGHI/napAB,1
Planctomycetota,narGHI/napAB,1
Chloroflexota,narGHI/napAB,1
Proteobacteria,narGHI/napAB,1
Proteobacteria,narGHI/napAB,1
Proteobacteria,narGHI/napAB,1
Actinobacteriota,narGHI/napAB,1
KSB1,narGHI/napAB,1
Nitrospinota,narGHI/napAB,1
SAR324,narGHI/napAB,1
Planctomycetota,narGHI/napAB,1
Proteobacteria,narGHI/napAB,1
Proteobacteria,narGHI/napAB,1
Proteobacteria,narGHI/napAB,1
Planctomycetota,narGHI/napAB,1
SAR324,narGHI/napAB,1
Gemmatimonadota,narGHI/napAB,1
Proteobacteria,narGHI/napAB,1
Proteobacteria,narGHI/napAB,1
Planctomycetota,narGHI/napAB,1
SAR324,narGHI/napAB,1
Proteobacteria,narGHI/napAB,1
Proteobacteria,narGHI/napAB,1
Proteobacteria,narGHI/napAB,1
Acidobacteriota,narGHI/napAB,1
Proteobacteria,narGHI/napAB,1
Planctomycetota,narGHI/napAB,1
Bacteroidota,narGHI/napAB,1
Acidobacteriota,narGHI/napAB,1
Chloroflexota,narGHI/napAB,1
Proteobacteria,narGHI/napAB,1
Nitrospirota,narGHI/napAB,1
Proteobacteria,narGHI/napAB,1
Actinobacteriota,narGHI/napAB,1
Actinobacteriota,narGHI/napAB,1
Proteobacteria,narGHI/napAB,1
Acidobacteriota,narGHI/napAB,1
Proteobacteria,narGHI/napAB,1
Desulfobacterota_B,narGHI/napAB,1
Planctomycetota,narGHI/napAB,1
Proteobacteria,narGHI/napAB,1
SAR324,narGHI/napAB,1
Chloroflexota,narGHI/napAB,1
SAR324,narGHI/napAB,1
Nitrospirota,narGHI/napAB,1
Proteobacteria,narGHI/napAB,1
Methylomirabilota,narGHI/napAB,1
Proteobacteria,narGHI/napAB,1
Proteobacteria,narGHI/napAB,1
Planctomycetota,narGHI/napAB,1
Latescibacterota,narGHI/napAB,1
Planctomycetota,narGHI/napAB,1
SAR324,narGHI/napAB,1
Bacteroidota,narGHI/napAB,1
Myxococcota,narGHI/napAB,1
Nitrospirota,narGHI/napAB,1
Nitrospinota,narGHI/napAB,1
Planctomycetota,narGHI/napAB,1
Proteobacteria,narGHI/napAB,1
Bacteroidota,narGHI/napAB,1
Proteobacteria,narGHI/napAB,1
Acidobacteriota,narGHI/napAB,1
Planctomycetota,narGHI/napAB,1
SAR324,narGHI/napAB,1
Chloroflexota,narGHI/napAB,1
Myxococcota_A,narGHI/napAB,1
Acidobacteriota,narGHI/napAB,1
Actinobacteriota,narGHI/napAB,1
SAR324,narGHI/napAB,1
Bacteroidota,narGHI/napAB,1
Myxococcota_A,narGHI/napAB,1
Chloroflexota,narGHI/napAB,1
Proteobacteria,narGHI/napAB,1
Verrucomicrobiota,narGHI/napAB,1
Actinobacteriota,narGHI/napAB,1
Proteobacteria,narGHI/napAB,1
Myxococcota_A,narGHI/napAB,1
Proteobacteria,narGHI/napAB,1
Poribacteria,narGHI/napAB,1
Bacteroidota,narGHI/napAB,1
Gemmatimonadota,narGHI/napAB,1
Acidobacteriota,narGHI/napAB,1
Proteobacteria,narGHI/napAB,1
Acidobacteriota,narGHI/napAB,1
Desulfobacterota_B,narGHI/napAB,1
Tectomicrobia,narGHI/napAB,1
Acidobacteriota,narGHI/napAB,1
Desulfobacterota_B,narGHI/napAB,1
Proteobacteria,narGHI/napAB,1
Proteobacteria,narGHI/napAB,1
Planctomycetota,narGHI/napAB,1
Actinobacteriota,narGHI/napAB,1
SAR324,narGHI/napAB,1
Gemmatimonadota,narGHI/napAB,1
Proteobacteria,norBC,1
Proteobacteria,norBC,1
Proteobacteria,dsrEFH/dsrL,1
Proteobacteria,dsrEFH/dsrL,1
Proteobacteria,dsrEFH/dsrL,1
Proteobacteria,dsrEFH/dsrL,1
Proteobacteria,dsrEFH/dsrL,1
Proteobacteria,dsrEFH/dsrL,1
Proteobacteria,dsrEFH/dsrL,1
Proteobacteria,dsrEFH/dsrL,1
Proteobacteria,dsrEFH/dsrL,1
Proteobacteria,dsrEFH/dsrL,1
Proteobacteria,dsrEFH/dsrL,1
Proteobacteria,dsrEFH/dsrL,1
Proteobacteria,nxrAB,1
Desulfobacterota_B,nxrAB,1
Nitrospirota,nxrAB,1
Thermoproteota,URE,1
Proteobacteria,URE,1
Proteobacteria,URE,1
Proteobacteria,URE,1
Thermoproteota,URE,1
Proteobacteria,URE,1
Proteobacteria,URE,1
Latescibacterota,URE,1
Proteobacteria,URE,1
Proteobacteria,URE,1
Verrucomicrobiota,URE,1
Proteobacteria,URE,1
Poribacteria,URE,1
Tectomicrobia,URE,1
Desulfobacterota_D,cysJI,1
Proteobacteria,cysJI,1
Proteobacteria,cysJI,1
Proteobacteria,cysJI,1
Proteobacteria,cysJI,1
Proteobacteria,cysJI,1
Proteobacteria,cysJI,1
Proteobacteria,cysJI,1
Actinobacteriota,cysJI,1
Nitrospinota,cysJI,1
Proteobacteria,cysJI,1
Proteobacteria,cysJI,1
SAR324,cysJI,1
Planctomycetota,cysJI,1
Proteobacteria,cysJI,1
Proteobacteria,cysJI,1
Proteobacteria,cysJI,1
Proteobacteria,cysJI,1
Proteobacteria,cysJI,1
Proteobacteria,cysJI,1
Gemmatimonadota,cysJI,1
Planctomycetota,cysJI,1
Proteobacteria,cysJI,1
Proteobacteria,cysJI,1
Planctomycetota,cysJI,1
Proteobacteria,cysJI,1
Proteobacteria,cysJI,1
Proteobacteria,cysJI,1
Desulfobacterota_D,cysJI,1
SAR324,cysJI,1
Bacteroidota,cysJI,1
Planctomycetota,cysJI,1
Thermoproteota,cysJI,1
Planctomycetota,cysJI,1
Chloroflexota,cysJI,1
Desulfobacterota_D,cysJI,1
Proteobacteria,cysJI,1
Acidobacteriota,cysJI,1
Gemmatimonadota,cysJI,1
Proteobacteria,cysJI,1
Myxococcota_A,cysJI,1
Planctomycetota,cysJI,1
Bacteroidota,cysJI,1
Acidobacteriota,cysJI,1
Proteobacteria,cysJI,1
Proteobacteria,cysJI,1
Desulfobacterota_D,cysJI,1
Nitrospirota,cysJI,1
Proteobacteria,cysJI,1
Actinobacteriota,cysJI,1
Proteobacteria,cysJI,1
Planctomycetota,cysJI,1
Actinobacteriota,cysJI,1
Desulfobacterota_D,cysJI,1
Proteobacteria,cysJI,1
Proteobacteria,cysJI,1
Proteobacteria,cysJI,1
Proteobacteria,cysJI,1
Proteobacteria,cysJI,1
Desulfobacterota_B,cysJI,1
Planctomycetota,cysJI,1
Proteobacteria,cysJI,1
Gemmatimonadota,cysJI,1
Gemmatimonadota,cysJI,1
Bacteroidota,cysJI,1
Planctomycetota,cysJI,1
Chloroflexota,cysJI,1
SAR324,cysJI,1
Nitrospirota,cysJI,1
Desulfobacterota_D,cysJI,1
Proteobacteria,cysJI,1
Proteobacteria,cysJI,1
Methylomirabilota,cysJI,1
Acidobacteriota,cysJI,1
Proteobacteria,cysJI,1
Proteobacteria,cysJI,1
Planctomycetota,cysJI,1
Krumholzibacteriota,cysJI,1
Planctomycetota,cysJI,1
SAR324,cysJI,1
Acidobacteriota,cysJI,1
Proteobacteria,cysJI,1
Myxococcota,cysJI,1
Desulfobacterota_D,cysJI,1
Proteobacteria,cysJI,1
Nitrospirota,cysJI,1
Nitrospinota,cysJI,1
Planctomycetota,cysJI,1
Proteobacteria,cysJI,1
Myxococcota_A,cysJI,1
Bacteroidota,cysJI,1
Proteobacteria,cysJI,1
Proteobacteria,cysJI,1
Planctomycetota,cysJI,1
Acidobacteriota,cysJI,1
Proteobacteria,cysJI,1
Proteobacteria,cysJI,1
Proteobacteria,cysJI,1
Planctomycetota,cysJI,1
SAR324,cysJI,1
Planctomycetota,cysJI,1
Myxococcota_A,cysJI,1
Acidobacteriota,cysJI,1
SAR324,cysJI,1
Chloroflexota,cysJI,1
Myxococcota_A,cysJI,1
Actinobacteriota,cysJI,1
Proteobacteria,cysJI,1
Myxococcota_A,cysJI,1
Proteobacteria,cysJI,1
Poribacteria,cysJI,1
Proteobacteria,cysJI,1
Gemmatimonadota,cysJI,1
Proteobacteria,cysJI,1
Actinobacteriota,cysJI,1
Tectomicrobia,cysJI,1
Tectomicrobia,cysJI,1
Proteobacteria,cysJI,1
Proteobacteria,cysJI,1
Chloroflexota,cysJI,1
Proteobacteria,cysJI,1
Proteobacteria,cysJI,1
Proteobacteria,cysJI,1
Chloroflexota,cysJI,1
Planctomycetota,cysJI,1
Proteobacteria,cysJI,1
Proteobacteria,cysJI,1
SAR324,cysJI,1
Gemmatimonadota,cysJI,1
Myxococcota,nosZ,1
Proteobacteria,nirA,1
Proteobacteria,nirA,1
Chloroflexota,nirA,1
Proteobacteria,nirA,1
Proteobacteria,nirA,1
Proteobacteria,nirA,1
Thermoproteota,nirA,1
SAR324,nirA,1
Proteobacteria,nirA,1
Proteobacteria,nirA,1
Proteobacteria,nirA,1
Proteobacteria,nirA,1
Proteobacteria,nirA,1
SAR324,nirA,1
Proteobacteria,nirA,1
Proteobacteria,nirA,1
Proteobacteria,nirA,1
SAR324,nirA,1
Thermoproteota,nirA,1
Chloroflexota,nirA,1
Acidobacteriota,nirA,1
Proteobacteria,nirA,1
Proteobacteria,nirA,1
Acidobacteriota,nirA,1
Acidobacteriota,nirA,1
Proteobacteria,nirA,1
Proteobacteria,nirA,1
Proteobacteria,nirA,1
Proteobacteria,nirA,1
Nitrospirota,nirA,1
Proteobacteria,nirA,1
Thermoproteota,nirA,1
Planctomycetota,nirA,1
Proteobacteria,nirA,1
Desulfobacterota_B,nirA,1
Desulfobacterota_B,nirA,1
Proteobacteria,nirA,1
Bacteroidota,nirA,1
SAR324,nirA,1
SAR324,nirA,1
Nitrospirota,nirA,1
Desulfobacterota_D,nirA,1
Methylomirabilota,nirA,1
Proteobacteria,nirA,1
Acidobacteriota,nirA,1
Nitrospirota,nirA,1
Nitrospinota,nirA,1
Proteobacteria,nirA,1
Acidobacteriota,nirA,1
Planctomycetota,nirA,1
Proteobacteria,nirA,1
Proteobacteria,nirA,1
Proteobacteria,nirA,1
Desulfobacterota_B,nirA,1
Planctomycetota,nirA,1
SAR324,nirA,1
Chloroflexota,nirA,1
Myxococcota_A,nirA,1
Acidobacteriota,nirA,1
SAR324,nirA,1
Chloroflexota,nirA,1
Proteobacteria,nirA,1
Verrucomicrobiota,nirA,1
Proteobacteria,nirA,1
Poribacteria,nirA,1
Acidobacteriota,nirA,1
Acidobacteriota,nirA,1
Desulfobacterota_B,nirA,1
Chloroflexota,nirA,1
Proteobacteria,nirA,1
Desulfobacterota_B,nirA,1
Proteobacteria,nirA,1
SAR324,nirA,1
Desulfobacterota_D,narB/nasAB,1
Actinobacteriota,narB/nasAB,1
Proteobacteria,narB/nasAB,1
Proteobacteria,narB/nasAB,1
Proteobacteria,narB/nasAB,1
Proteobacteria,narB/nasAB,1
Chloroflexota,narB/nasAB,1
Proteobacteria,narB/nasAB,1
Proteobacteria,narB/nasAB,1
Proteobacteria,narB/nasAB,1
Proteobacteria,narB/nasAB,1
Proteobacteria,narB/nasAB,1
Actinobacteriota,narB/nasAB,1
KSB1,narB/nasAB,1
Proteobacteria,narB/nasAB,1
Proteobacteria,narB/nasAB,1
SAR324,narB/nasAB,1
Planctomycetota,narB/nasAB,1
Proteobacteria,narB/nasAB,1
Proteobacteria,narB/nasAB,1
Proteobacteria,narB/nasAB,1
Proteobacteria,narB/nasAB,1
Proteobacteria,narB/nasAB,1
Proteobacteria,narB/nasAB,1
SAR324,narB/nasAB,1
Gemmatimonadota,narB/nasAB,1
Planctomycetota,narB/nasAB,1
Proteobacteria,narB/nasAB,1
Proteobacteria,narB/nasAB,1
Planctomycetota,narB/nasAB,1
Proteobacteria,narB/nasAB,1
Proteobacteria,narB/nasAB,1
Proteobacteria,narB/nasAB,1
Desulfobacterota_D,narB/nasAB,1
SAR324,narB/nasAB,1
Planctomycetota,narB/nasAB,1
Planctomycetota,narB/nasAB,1
Chloroflexota,narB/nasAB,1
Desulfobacterota_D,narB/nasAB,1
Acidobacteriota,narB/nasAB,1
Proteobacteria,narB/nasAB,1
Proteobacteria,narB/nasAB,1
Proteobacteria,narB/nasAB,1
Acidobacteriota,narB/nasAB,1
Proteobacteria,narB/nasAB,1
Proteobacteria,narB/nasAB,1
Myxococcota_A,narB/nasAB,1
Planctomycetota,narB/nasAB,1
Bacteroidota,narB/nasAB,1
Acidobacteriota,narB/nasAB,1
Proteobacteria,narB/nasAB,1
Proteobacteria,narB/nasAB,1
Proteobacteria,narB/nasAB,1
Desulfobacterota_D,narB/nasAB,1
Proteobacteria,narB/nasAB,1
Actinobacteriota,narB/nasAB,1
Proteobacteria,narB/nasAB,1
Planctomycetota,narB/nasAB,1
Actinobacteriota,narB/nasAB,1
Desulfobacterota_D,narB/nasAB,1
Proteobacteria,narB/nasAB,1
Proteobacteria,narB/nasAB,1
Acidobacteriota,narB/nasAB,1
Proteobacteria,narB/nasAB,1
Proteobacteria,narB/nasAB,1
Proteobacteria,narB/nasAB,1
Desulfobacterota_B,narB/nasAB,1
Planctomycetota,narB/nasAB,1
Desulfobacterota_B,narB/nasAB,1
Proteobacteria,narB/nasAB,1
Gemmatimonadota,narB/nasAB,1
Gemmatimonadota,narB/nasAB,1
Bacteroidota,narB/nasAB,1
Planctomycetota,narB/nasAB,1
SAR324,narB/nasAB,1
SAR324,narB/nasAB,1
Desulfobacterota_D,narB/nasAB,1
Proteobacteria,narB/nasAB,1
Proteobacteria,narB/nasAB,1
Methylomirabilota,narB/nasAB,1
Acidobacteriota,narB/nasAB,1
Proteobacteria,narB/nasAB,1
Actinobacteriota,narB/nasAB,1
Proteobacteria,narB/nasAB,1
Proteobacteria,narB/nasAB,1
Proteobacteria,narB/nasAB,1
Planctomycetota,narB/nasAB,1
Latescibacterota,narB/nasAB,1
Krumholzibacteriota,narB/nasAB,1
Planctomycetota,narB/nasAB,1
SAR324,narB/nasAB,1
Acidobacteriota,narB/nasAB,1
Proteobacteria,narB/nasAB,1
Bacteroidota,narB/nasAB,1
Myxococcota,narB/nasAB,1
Desulfobacterota_D,narB/nasAB,1
Proteobacteria,narB/nasAB,1
Nitrospirota,narB/nasAB,1
Proteobacteria,narB/nasAB,1
Acidobacteriota,narB/nasAB,1
Myxococcota_A,narB/nasAB,1
Proteobacteria,narB/nasAB,1
Acidobacteriota,narB/nasAB,1
Proteobacteria,narB/nasAB,1
Planctomycetota,narB/nasAB,1
Acidobacteriota,narB/nasAB,1
Proteobacteria,narB/nasAB,1
Proteobacteria,narB/nasAB,1
Proteobacteria,narB/nasAB,1
Desulfobacterota_B,narB/nasAB,1
Planctomycetota,narB/nasAB,1
SAR324,narB/nasAB,1
Planctomycetota,narB/nasAB,1
Tectomicrobia,narB/nasAB,1
Myxococcota_A,narB/nasAB,1
Acidobacteriota,narB/nasAB,1
Actinobacteriota,narB/nasAB,1
SAR324,narB/nasAB,1
Chloroflexota,narB/nasAB,1
Myxococcota_A,narB/nasAB,1
Chloroflexota,narB/nasAB,1
Proteobacteria,narB/nasAB,1
Verrucomicrobiota,narB/nasAB,1
Actinobacteriota,narB/nasAB,1
Proteobacteria,narB/nasAB,1
Myxococcota_A,narB/nasAB,1
Poribacteria,narB/nasAB,1
Proteobacteria,narB/nasAB,1
Acidobacteriota,narB/nasAB,1
Gemmatimonadota,narB/nasAB,1
Proteobacteria,narB/nasAB,1
Desulfobacterota_B,narB/nasAB,1
Tectomicrobia,narB/nasAB,1
Desulfobacterota_B,narB/nasAB,1
Tectomicrobia,narB/nasAB,1
Proteobacteria,narB/nasAB,1
Proteobacteria,narB/nasAB,1
Chloroflexota,narB/nasAB,1
Proteobacteria,narB/nasAB,1
Acidobacteriota,narB/nasAB,1
Desulfobacterota_B,narB/nasAB,1
Proteobacteria,narB/nasAB,1
Proteobacteria,narB/nasAB,1
Chloroflexota,narB/nasAB,1
Proteobacteria,narB/nasAB,1
Actinobacteriota,narB/nasAB,1
Proteobacteria,narB/nasAB,1
SAR324,narB/nasAB,1
Gemmatimonadota,narB/nasAB,1
Desulfobacterota_D,nirK/nirS,1
Actinobacteriota,nirK/nirS,1
Proteobacteria,nirK/nirS,1
Proteobacteria,nirK/nirS,1
Proteobacteria,nirK/nirS,1
Chloroflexota,nirK/nirS,1
Proteobacteria,nirK/nirS,1
Proteobacteria,nirK/nirS,1
Proteobacteria,nirK/nirS,1
Proteobacteria,nirK/nirS,1
Proteobacteria,nirK/nirS,1
Actinobacteriota,nirK/nirS,1
Thermoproteota,nirK/nirS,1
KSB1,nirK/nirS,1
Proteobacteria,nirK/nirS,1
SAR324,nirK/nirS,1
Planctomycetota,nirK/nirS,1
Proteobacteria,nirK/nirS,1
Proteobacteria,nirK/nirS,1
Proteobacteria,nirK/nirS,1
Proteobacteria,nirK/nirS,1
Proteobacteria,nirK/nirS,1
SAR324,nirK/nirS,1
Gemmatimonadota,nirK/nirS,1
Proteobacteria,nirK/nirS,1
Proteobacteria,nirK/nirS,1
Proteobacteria,nirK/nirS,1
Proteobacteria,nirK/nirS,1
Proteobacteria,nirK/nirS,1
Desulfobacterota_D,nirK/nirS,1
SAR324,nirK/nirS,1
Bacteroidota,nirK/nirS,1
Planctomycetota,nirK/nirS,1
Desulfobacterota_D,nirK/nirS,1
Proteobacteria,nirK/nirS,1
Proteobacteria,nirK/nirS,1
Proteobacteria,nirK/nirS,1
Proteobacteria,nirK/nirS,1
Bacteroidota,nirK/nirS,1
Acidobacteriota,nirK/nirS,1
Chloroflexota,nirK/nirS,1
Proteobacteria,nirK/nirS,1
Proteobacteria,nirK/nirS,1
Proteobacteria,nirK/nirS,1
Desulfobacterota_D,nirK/nirS,1
Thermoproteota,nirK/nirS,1
Actinobacteriota,nirK/nirS,1
Proteobacteria,nirK/nirS,1
Planctomycetota,nirK/nirS,1
Desulfobacterota_D,nirK/nirS,1
Proteobacteria,nirK/nirS,1
Proteobacteria,nirK/nirS,1
Proteobacteria,nirK/nirS,1
Proteobacteria,nirK/nirS,1
Desulfobacterota_B,nirK/nirS,1
Planctomycetota,nirK/nirS,1
Proteobacteria,nirK/nirS,1
Gemmatimonadota,nirK/nirS,1
Gemmatimonadota,nirK/nirS,1
Bacteroidota,nirK/nirS,1
SAR324,nirK/nirS,1
SAR324,nirK/nirS,1
Nitrospirota,nirK/nirS,1
Desulfobacterota_D,nirK/nirS,1
Methylomirabilota,nirK/nirS,1
Acidobacteriota,nirK/nirS,1
Proteobacteria,nirK/nirS,1
Proteobacteria,nirK/nirS,1
Proteobacteria,nirK/nirS,1
Proteobacteria,nirK/nirS,1
Krumholzibacteriota,nirK/nirS,1
SAR324,nirK/nirS,1
Acidobacteriota,nirK/nirS,1
Proteobacteria,nirK/nirS,1
Bacteroidota,nirK/nirS,1
Desulfobacterota_D,nirK/nirS,1
Proteobacteria,nirK/nirS,1
Nitrospinota,nirK/nirS,1
Proteobacteria,nirK/nirS,1
Methylomirabilota,nirK/nirS,1
Bacteroidota,nirK/nirS,1
Proteobacteria,nirK/nirS,1
Proteobacteria,nirK/nirS,1
Proteobacteria,nirK/nirS,1
Proteobacteria,nirK/nirS,1
Desulfobacterota_B,nirK/nirS,1
SAR324,nirK/nirS,1
Planctomycetota,nirK/nirS,1
Actinobacteriota,nirK/nirS,1
SAR324,nirK/nirS,1
Chloroflexota,nirK/nirS,1
Proteobacteria,nirK/nirS,1
Verrucomicrobiota,nirK/nirS,1
Proteobacteria,nirK/nirS,1
Proteobacteria,nirK/nirS,1
Bacteroidota,nirK/nirS,1
Proteobacteria,nirK/nirS,1
Gemmatimonadota,nirK/nirS,1
Acidobacteriota,nirK/nirS,1
Proteobacteria,nirK/nirS,1
Desulfobacterota_B,nirK/nirS,1
Desulfobacterota_B,nirK/nirS,1
Tectomicrobia,nirK/nirS,1
Proteobacteria,nirK/nirS,1
Proteobacteria,nirK/nirS,1
Chloroflexota,nirK/nirS,1
Proteobacteria,nirK/nirS,1
Desulfobacterota_B,nirK/nirS,1
Proteobacteria,nirK/nirS,1
Proteobacteria,nirK/nirS,1
Chloroflexota,nirK/nirS,1
Proteobacteria,nirK/nirS,1
Proteobacteria,nirK/nirS,1
Gemmatimonadota,nirK/nirS,1
Desulfobacterota_D,nirBD/nrfA,1
Acidobacteriota,nirBD/nrfA,1
Actinobacteriota,nirBD/nrfA,1
Proteobacteria,nirBD/nrfA,1
Proteobacteria,nirBD/nrfA,1
Proteobacteria,nirBD/nrfA,1
Proteobacteria,nirBD/nrfA,1
Planctomycetota,nirBD/nrfA,1
Chloroflexota,nirBD/nrfA,1
Proteobacteria,nirBD/nrfA,1
Proteobacteria,nirBD/nrfA,1
Proteobacteria,nirBD/nrfA,1
Proteobacteria,nirBD/nrfA,1
Proteobacteria,nirBD/nrfA,1
Actinobacteriota,nirBD/nrfA,1
Thermoproteota,nirBD/nrfA,1
KSB1,nirBD/nrfA,1
Nitrospinota,nirBD/nrfA,1
Proteobacteria,nirBD/nrfA,1
Proteobacteria,nirBD/nrfA,1
Planctomycetota,nirBD/nrfA,1
Proteobacteria,nirBD/nrfA,1
Thermoproteota,nirBD/nrfA,1
Proteobacteria,nirBD/nrfA,1
Proteobacteria,nirBD/nrfA,1
Proteobacteria,nirBD/nrfA,1
Proteobacteria,nirBD/nrfA,1
Planctomycetota,nirBD/nrfA,1
Gemmatimonadota,nirBD/nrfA,1
Proteobacteria,nirBD/nrfA,1
Proteobacteria,nirBD/nrfA,1
Planctomycetota,nirBD/nrfA,1
Proteobacteria,nirBD/nrfA,1
Desulfobacterota_D,nirBD/nrfA,1
Bacteroidota,nirBD/nrfA,1
Planctomycetota,nirBD/nrfA,1
Chloroflexota,nirBD/nrfA,1
Desulfobacterota_D,nirBD/nrfA,1
Proteobacteria,nirBD/nrfA,1
Proteobacteria,nirBD/nrfA,1
Proteobacteria,nirBD/nrfA,1
Acidobacteriota,nirBD/nrfA,1
Gemmatimonadota,nirBD/nrfA,1
Acidobacteriota,nirBD/nrfA,1
Proteobacteria,nirBD/nrfA,1
Proteobacteria,nirBD/nrfA,1
Myxococcota_A,nirBD/nrfA,1
Planctomycetota,nirBD/nrfA,1
Bacteroidota,nirBD/nrfA,1
Acidobacteriota,nirBD/nrfA,1
Proteobacteria,nirBD/nrfA,1
Proteobacteria,nirBD/nrfA,1
Desulfobacterota_D,nirBD/nrfA,1
Nitrospirota,nirBD/nrfA,1
Proteobacteria,nirBD/nrfA,1
Thermoproteota,nirBD/nrfA,1
Proteobacteria,nirBD/nrfA,1
Planctomycetota,nirBD/nrfA,1
Actinobacteriota,nirBD/nrfA,1
Desulfobacterota_D,nirBD/nrfA,1
Proteobacteria,nirBD/nrfA,1
Proteobacteria,nirBD/nrfA,1
Acidobacteriota,nirBD/nrfA,1
Proteobacteria,nirBD/nrfA,1
Desulfobacterota_B,nirBD/nrfA,1
Desulfobacterota_B,nirBD/nrfA,1
Proteobacteria,nirBD/nrfA,1
Gemmatimonadota,nirBD/nrfA,1
Bacteroidota,nirBD/nrfA,1
Bacteroidota,nirBD/nrfA,1
Planctomycetota,nirBD/nrfA,1
Nitrospirota,nirBD/nrfA,1
Desulfobacterota_D,nirBD/nrfA,1
Proteobacteria,nirBD/nrfA,1
Methylomirabilota,nirBD/nrfA,1
Proteobacteria,nirBD/nrfA,1
Actinobacteriota,nirBD/nrfA,1
Proteobacteria,nirBD/nrfA,1
Proteobacteria,nirBD/nrfA,1
Planctomycetota,nirBD/nrfA,1
Latescibacterota,nirBD/nrfA,1
Krumholzibacteriota,nirBD/nrfA,1
Planctomycetota,nirBD/nrfA,1
Acidobacteriota,nirBD/nrfA,1
Proteobacteria,nirBD/nrfA,1
Myxococcota,nirBD/nrfA,1
Desulfobacterota_D,nirBD/nrfA,1
Proteobacteria,nirBD/nrfA,1
Nitrospirota,nirBD/nrfA,1
Planctomycetota,nirBD/nrfA,1
Acidobacteriota,nirBD/nrfA,1
Methylomirabilota,nirBD/nrfA,1
Myxococcota_A,nirBD/nrfA,1
Proteobacteria,nirBD/nrfA,1
Acidobacteriota,nirBD/nrfA,1
Proteobacteria,nirBD/nrfA,1
Planctomycetota,nirBD/nrfA,1
Proteobacteria,nirBD/nrfA,1
Proteobacteria,nirBD/nrfA,1
Proteobacteria,nirBD/nrfA,1
Desulfobacterota_B,nirBD/nrfA,1
Planctomycetota,nirBD/nrfA,1
Planctomycetota,nirBD/nrfA,1
Chloroflexota,nirBD/nrfA,1
Myxococcota_A,nirBD/nrfA,1
Acidobacteriota,nirBD/nrfA,1
Actinobacteriota,nirBD/nrfA,1
Chloroflexota,nirBD/nrfA,1
Bacteroidota,nirBD/nrfA,1
Myxococcota_A,nirBD/nrfA,1
Chloroflexota,nirBD/nrfA,1
Proteobacteria,nirBD/nrfA,1
Verrucomicrobiota,nirBD/nrfA,1
Actinobacteriota,nirBD/nrfA,1
Proteobacteria,nirBD/nrfA,1
Poribacteria,nirBD/nrfA,1
Proteobacteria,nirBD/nrfA,1
Gemmatimonadota,nirBD/nrfA,1
Acidobacteriota,nirBD/nrfA,1
Proteobacteria,nirBD/nrfA,1
Actinobacteriota,nirBD/nrfA,1
Tectomicrobia,nirBD/nrfA,1
Desulfobacterota_B,nirBD/nrfA,1
Tectomicrobia,nirBD/nrfA,1
Proteobacteria,nirBD/nrfA,1
Proteobacteria,nirBD/nrfA,1
Chloroflexota,nirBD/nrfA,1
Proteobacteria,nirBD/nrfA,1
Acidobacteriota,nirBD/nrfA,1
Desulfobacterota_B,nirBD/nrfA,1
Thermoproteota,nirBD/nrfA,1
Proteobacteria,nirBD/nrfA,1
Chloroflexota,nirBD/nrfA,1
Planctomycetota,nirBD/nrfA,1
Proteobacteria,nirBD/nrfA,1
Actinobacteriota,nirBD/nrfA,1
Proteobacteria,nirBD/nrfA,1
Desulfobacterota_D,TtrAB,1
Acidobacteriota,TtrAB,1
Proteobacteria,TtrAB,1
Proteobacteria,TtrAB,1
Planctomycetota,TtrAB,1
Chloroflexota,TtrAB,1
Proteobacteria,TtrAB,1
KSB1,TtrAB,1
Proteobacteria,TtrAB,1
SAR324,TtrAB,1
Planctomycetota,TtrAB,1
Proteobacteria,TtrAB,1
Proteobacteria,TtrAB,1
Proteobacteria,TtrAB,1
Proteobacteria,TtrAB,1
SAR324,TtrAB,1
Gemmatimonadota,TtrAB,1
Planctomycetota,TtrAB,1
Proteobacteria,TtrAB,1
Desulfobacterota_D,TtrAB,1
SAR324,TtrAB,1
Bacteroidota,TtrAB,1
Planctomycetota,TtrAB,1
Desulfobacterota_D,TtrAB,1
Acidobacteriota,TtrAB,1
Proteobacteria,TtrAB,1
Acidobacteriota,TtrAB,1
Gemmatimonadota,TtrAB,1
Acidobacteriota,TtrAB,1
Proteobacteria,TtrAB,1
Myxococcota_A,TtrAB,1
Bacteroidota,TtrAB,1
Acidobacteriota,TtrAB,1
Chloroflexota,TtrAB,1
Proteobacteria,TtrAB,1
Proteobacteria,TtrAB,1
Proteobacteria,TtrAB,1
Desulfobacterota_D,TtrAB,1
Proteobacteria,TtrAB,1
Proteobacteria,TtrAB,1
Proteobacteria,TtrAB,1
Acidobacteriota,TtrAB,1
Proteobacteria,TtrAB,1
Proteobacteria,TtrAB,1
Desulfobacterota_B,TtrAB,1
Planctomycetota,TtrAB,1
Proteobacteria,TtrAB,1
Gemmatimonadota,TtrAB,1
Gemmatimonadota,TtrAB,1
Planctomycetota,TtrAB,1
SAR324,TtrAB,1
Chloroflexota,TtrAB,1
SAR324,TtrAB,1
Desulfobacterota_D,TtrAB,1
Methylomirabilota,TtrAB,1
Acidobacteriota,TtrAB,1
Proteobacteria,TtrAB,1
Planctomycetota,TtrAB,1
Krumholzibacteriota,TtrAB,1
SAR324,TtrAB,1
Proteobacteria,TtrAB,1
Bacteroidota,TtrAB,1
Myxococcota,TtrAB,1
Desulfobacterota_D,TtrAB,1
Proteobacteria,TtrAB,1
Myxococcota_A,TtrAB,1
Bacteroidota,TtrAB,1
Acidobacteriota,TtrAB,1
Thermoproteota,TtrAB,1
Proteobacteria,TtrAB,1
SAR324,TtrAB,1
Planctomycetota,TtrAB,1
Chloroflexota,TtrAB,1
Myxococcota_A,TtrAB,1
Actinobacteriota,TtrAB,1
SAR324,TtrAB,1
Chloroflexota,TtrAB,1
Myxococcota_A,TtrAB,1
Chloroflexota,TtrAB,1
Proteobacteria,TtrAB,1
Verrucomicrobiota,TtrAB,1
Myxococcota_A,TtrAB,1
Proteobacteria,TtrAB,1
Bacteroidota,TtrAB,1
Proteobacteria,TtrAB,1
Acidobacteriota,TtrAB,1
Gemmatimonadota,TtrAB,1
Acidobacteriota,TtrAB,1
Proteobacteria,TtrAB,1
Acidobacteriota,TtrAB,1
Desulfobacterota_B,TtrAB,1
Actinobacteriota,TtrAB,1
Desulfobacterota_B,TtrAB,1
Tectomicrobia,TtrAB,1
Proteobacteria,TtrAB,1
Acidobacteriota,TtrAB,1
Desulfobacterota_B,TtrAB,1
Proteobacteria,TtrAB,1
Proteobacteria,TtrAB,1
Actinobacteriota,TtrAB,1
Proteobacteria,TtrAB,1
SAR324,TtrAB,1
Gemmatimonadota,TtrAB,1
Proteobacteria,soxZY,1
Proteobacteria,soxZY,1
Proteobacteria,soxZY,1
Proteobacteria,soxZY,1
Proteobacteria,soxZY,1
Proteobacteria,soxZY,1
Proteobacteria,soxZY,1
Proteobacteria,soxZY,1
SAR324,nifH,1
SAR324,nifH,1
SAR324,nifH,1
SAR324,nifH,1
SAR324,nifH,1
SAR324,nifH,1
SAR324,nifH,1
SAR324,nifH,1
SAR324,nifH,1
Proteobacteria,dsrAB,1
Proteobacteria,dsrAB,1
Proteobacteria,dsrAB,1
Proteobacteria,dsrAB,1
Proteobacteria,dsrAB,1
Proteobacteria,dsrAB,1
Proteobacteria,dsrAB,1
Desulfobacterota_D,sseA,1
Actinobacteriota,sseA,1
Proteobacteria,sseA,1
Proteobacteria,sseA,1
Chloroflexota,sseA,1
Proteobacteria,sseA,1
Proteobacteria,sseA,1
Proteobacteria,sseA,1
Proteobacteria,sseA,1
Thermoproteota,sseA,1
Proteobacteria,sseA,1
Proteobacteria,sseA,1
SAR324,sseA,1
Planctomycetota,sseA,1
Proteobacteria,sseA,1
Proteobacteria,sseA,1
SAR324,sseA,1
Proteobacteria,sseA,1
Planctomycetota,sseA,1
Proteobacteria,sseA,1
Proteobacteria,sseA,1
Proteobacteria,sseA,1
Desulfobacterota_D,sseA,1
SAR324,sseA,1
Planctomycetota,sseA,1
Thermoproteota,sseA,1
Chloroflexota,sseA,1
Desulfobacterota_D,sseA,1
Proteobacteria,sseA,1
Proteobacteria,sseA,1
Acidobacteriota,sseA,1
Proteobacteria,sseA,1
Proteobacteria,sseA,1
Proteobacteria,sseA,1
Proteobacteria,sseA,1
Proteobacteria,sseA,1
Desulfobacterota_D,sseA,1
Nitrospirota,sseA,1
Proteobacteria,sseA,1
Thermoproteota,sseA,1
Actinobacteriota,sseA,1
Planctomycetota,sseA,1
Actinobacteriota,sseA,1
Desulfobacterota_D,sseA,1
Proteobacteria,sseA,1
Proteobacteria,sseA,1
Proteobacteria,sseA,1
Proteobacteria,sseA,1
Desulfobacterota_B,sseA,1
Desulfobacterota_B,sseA,1
Proteobacteria,sseA,1
SAR324,sseA,1
SAR324,sseA,1
Nitrospirota,sseA,1
Desulfobacterota_D,sseA,1
Methylomirabilota,sseA,1
Actinobacteriota,sseA,1
Proteobacteria,sseA,1
Krumholzibacteriota,sseA,1
Planctomycetota,sseA,1
SAR324,sseA,1
Proteobacteria,sseA,1
Bacteroidota,sseA,1
Myxococcota,sseA,1
Desulfobacterota_D,sseA,1
Proteobacteria,sseA,1
Planctomycetota,sseA,1
Proteobacteria,sseA,1
Methylomirabilota,sseA,1
Myxococcota_A,sseA,1
Bacteroidota,sseA,1
Proteobacteria,sseA,1
Proteobacteria,sseA,1
Proteobacteria,sseA,1
Proteobacteria,sseA,1
Desulfobacterota_B,sseA,1
SAR324,sseA,1
Tectomicrobia,sseA,1
Actinobacteriota,sseA,1
SAR324,sseA,1
Chloroflexota,sseA,1
Myxococcota_A,sseA,1
Chloroflexota,sseA,1
Proteobacteria,sseA,1
Actinobacteriota,sseA,1
Proteobacteria,sseA,1
Proteobacteria,sseA,1
Poribacteria,sseA,1
Acidobacteriota,sseA,1
Proteobacteria,sseA,1
Desulfobacterota_B,sseA,1
Actinobacteriota,sseA,1
Tectomicrobia,sseA,1
Desulfobacterota_B,sseA,1
Tectomicrobia,sseA,1
Chloroflexota,sseA,1
Proteobacteria,sseA,1
Desulfobacterota_B,sseA,1
Proteobacteria,sseA,1
Chloroflexota,sseA,1
Proteobacteria,sseA,1
Actinobacteriota,sseA,1
Proteobacteria,sseA,1
SAR324,sseA,1
Gemmatimonadota,sseA,1
Planctomycetota,hao,1
Desulfobacterota_B,hao,1
Desulfobacterota_B,hao,1
Planctomycetota,hao,1
Planctomycetota,hao,1
Myxococcota,hao,1
Acidobacteriota,hao,1
Planctomycetota,hao,1
Desulfobacterota_B,hao,1
Myxococcota_A,hao,1
Poribacteria,hao,1
Desulfobacterota_B,hao,1
Acidobacteriota,hao,1
Planctomycetota,hao,1
Desulfobacterota_D,glpE,1
Acidobacteriota,glpE,1
Actinobacteriota,glpE,1
Proteobacteria,glpE,1
Proteobacteria,glpE,1
Proteobacteria,glpE,1
Proteobacteria,glpE,1
Planctomycetota,glpE,1
Chloroflexota,glpE,1
Proteobacteria,glpE,1
Proteobacteria,glpE,1
Proteobacteria,glpE,1
Proteobacteria,glpE,1
Proteobacteria,glpE,1
Actinobacteriota,glpE,1
Thermoproteota,glpE,1
KSB1,glpE,1
Nitrospinota,glpE,1
Proteobacteria,glpE,1
Proteobacteria,glpE,1
SAR324,glpE,1
Planctomycetota,glpE,1
Proteobacteria,glpE,1
Thermoproteota,glpE,1
Proteobacteria,glpE,1
Proteobacteria,glpE,1
Proteobacteria,glpE,1
Proteobacteria,glpE,1
Proteobacteria,glpE,1
Planctomycetota,glpE,1
SAR324,glpE,1
Gemmatimonadota,glpE,1
Planctomycetota,glpE,1
Proteobacteria,glpE,1
Proteobacteria,glpE,1
Planctomycetota,glpE,1
Proteobacteria,glpE,1
Proteobacteria,glpE,1
Proteobacteria,glpE,1
Desulfobacterota_D,glpE,1
SAR324,glpE,1
Bacteroidota,glpE,1
Planctomycetota,glpE,1
Thermoproteota,glpE,1
Planctomycetota,glpE,1
Chloroflexota,glpE,1
Desulfobacterota_D,glpE,1
Acidobacteriota,glpE,1
Proteobacteria,glpE,1
Proteobacteria,glpE,1
Proteobacteria,glpE,1
Acidobacteriota,glpE,1
Gemmatimonadota,glpE,1
Acidobacteriota,glpE,1
Proteobacteria,glpE,1
Proteobacteria,glpE,1
Myxococcota_A,glpE,1
Planctomycetota,glpE,1
Bacteroidota,glpE,1
Acidobacteriota,glpE,1
Chloroflexota,glpE,1
Proteobacteria,glpE,1
Proteobacteria,glpE,1
Proteobacteria,glpE,1
Desulfobacterota_D,glpE,1
Nitrospirota,glpE,1
Proteobacteria,glpE,1
Thermoproteota,glpE,1
Actinobacteriota,glpE,1
Proteobacteria,glpE,1
Planctomycetota,glpE,1
Actinobacteriota,glpE,1
Desulfobacterota_D,glpE,1
Proteobacteria,glpE,1
Proteobacteria,glpE,1
Acidobacteriota,glpE,1
Proteobacteria,glpE,1
Proteobacteria,glpE,1
Proteobacteria,glpE,1
Desulfobacterota_B,glpE,1
Planctomycetota,glpE,1
Desulfobacterota_B,glpE,1
Proteobacteria,glpE,1
Gemmatimonadota,glpE,1
Gemmatimonadota,glpE,1
Bacteroidota,glpE,1
Bacteroidota,glpE,1
Planctomycetota,glpE,1
SAR324,glpE,1
Chloroflexota,glpE,1
SAR324,glpE,1
Nitrospirota,glpE,1
Desulfobacterota_D,glpE,1
Proteobacteria,glpE,1
Proteobacteria,glpE,1
Methylomirabilota,glpE,1
Acidobacteriota,glpE,1
Proteobacteria,glpE,1
Actinobacteriota,glpE,1
Proteobacteria,glpE,1
Proteobacteria,glpE,1
Proteobacteria,glpE,1
Latescibacterota,glpE,1
Krumholzibacteriota,glpE,1
Planctomycetota,glpE,1
SAR324,glpE,1
Acidobacteriota,glpE,1
Proteobacteria,glpE,1
Bacteroidota,glpE,1
Myxococcota,glpE,1
Desulfobacterota_D,glpE,1
Proteobacteria,glpE,1
Nitrospirota,glpE,1
Nitrospinota,glpE,1
Planctomycetota,glpE,1
Proteobacteria,glpE,1
Acidobacteriota,glpE,1
Methylomirabilota,glpE,1
Myxococcota_A,glpE,1
Bacteroidota,glpE,1
Proteobacteria,glpE,1
Acidobacteriota,glpE,1
Proteobacteria,glpE,1
Planctomycetota,glpE,1
Thermoproteota,glpE,1
Acidobacteriota,glpE,1
Proteobacteria,glpE,1
Proteobacteria,glpE,1
Proteobacteria,glpE,1
Desulfobacterota_B,glpE,1
Planctomycetota,glpE,1
SAR324,glpE,1
Planctomycetota,glpE,1
Chloroflexota,glpE,1
Tectomicrobia,glpE,1
Myxococcota_A,glpE,1
Acidobacteriota,glpE,1
Actinobacteriota,glpE,1
SAR324,glpE,1
Chloroflexota,glpE,1
Bacteroidota,glpE,1
Myxococcota_A,glpE,1
Chloroflexota,glpE,1
Proteobacteria,glpE,1
Verrucomicrobiota,glpE,1
Actinobacteriota,glpE,1
Proteobacteria,glpE,1
Myxococcota_A,glpE,1
Proteobacteria,glpE,1
Poribacteria,glpE,1
Bacteroidota,glpE,1
Proteobacteria,glpE,1
Acidobacteriota,glpE,1
Gemmatimonadota,glpE,1
Acidobacteriota,glpE,1
Proteobacteria,glpE,1
Acidobacteriota,glpE,1
Desulfobacterota_B,glpE,1
Actinobacteriota,glpE,1
Tectomicrobia,glpE,1
Desulfobacterota_B,glpE,1
Tectomicrobia,glpE,1
Proteobacteria,glpE,1
Proteobacteria,glpE,1
Chloroflexota,glpE,1
Proteobacteria,glpE,1
Acidobacteriota,glpE,1
Desulfobacterota_B,glpE,1
Proteobacteria,glpE,1
Thermoproteota,glpE,1
Proteobacteria,glpE,1
Chloroflexota,glpE,1
Planctomycetota,glpE,1
Proteobacteria,glpE,1
Actinobacteriota,glpE,1
Proteobacteria,glpE,1
SAR324,glpE,1
Gemmatimonadota,glpE,1
Acidobacteriota,phsA,1
Proteobacteria,phsA,1
Proteobacteria,phsA,1
Proteobacteria,phsA,1
Planctomycetota,phsA,1
Proteobacteria,phsA,1
SAR324,phsA,1
Gemmatimonadota,phsA,1
Planctomycetota,phsA,1
Planctomycetota,phsA,1
Proteobacteria,phsA,1
Proteobacteria,phsA,1
Proteobacteria,phsA,1
Proteobacteria,phsA,1
Acidobacteriota,phsA,1
Planctomycetota,phsA,1
Tectomicrobia,phsA,1
Gemmatimonadota,phsA,1
Proteobacteria,soeAC,1
Thermoproteota,soeAC,1
Proteobacteria,soeAC,1
Proteobacteria,soeAC,1
Proteobacteria,soeAC,1
Proteobacteria,soeAC,1
Planctomycetota,soeAC,1
Proteobacteria,soeAC,1
Proteobacteria,soeAC,1
Proteobacteria,soeAC,1
Desulfobacterota_B,soeAC,1
Proteobacteria,soeAC,1
Acidobacteriota,soeAC,1
Thermoproteota,soeAC,1
Proteobacteria,soeAC,1
Proteobacteria,soeAC,1
Desulfobacterota_B,soeAC,1
Proteobacteria,soeAC,1
Proteobacteria,soeAC,1
Desulfobacterota_B,soeAC,1
Desulfobacterota_B,soeAC,1
Thermoproteota,soeAC,1
Proteobacteria,soeAC,1
Proteobacteria,soeAC,1
