user_genome	classification	fastani_reference	fastani_reference_radius	fastani_taxonomy	fastani_ani	fastani_af	closest_placement_reference	closest_placement_radius	closest_placement_taxonomy	closest_placement_ani	closest_placement_af	pplacer_taxonomy	classification_method	note	other_related_references(genome_id,species_name,radius,ANI,AF)	aa_percent	translation_table	red_value	warnings
A5-S04_226	d__Bacteria;p__Actinobacteriota;c__Acidimicrobiia;o__UBA5794;f__ZC4RG35;g__SZUA-217;s__SZUA-217 sp004356805	GCA_004356805.1	95.0	d__Bacteria;p__Actinobacteriota;c__Acidimicrobiia;o__UBA5794;f__ZC4RG35;g__SZUA-217;s__SZUA-217 sp004356805	96.3	0.69	GCA_004356805.1	95.0	d__Bacteria;p__Actinobacteriota;c__Acidimicrobiia;o__UBA5794;f__ZC4RG35;g__SZUA-217;s__SZUA-217 sp004356805	96.3	0.69	d__Bacteria;p__Actinobacteriota;c__Acidimicrobiia;o__UBA5794;f__ZC4RG35;g__SZUA-217;s__	taxonomic classification defined by topology and ANI	topological placement and ANI have congruent species assignments	GCA_003230435.1, s__SZUA-217 sp003230435, 95.0, 85.8, 0.51	66.75	11	N/A	N/A
KW1-S11_179	d__Bacteria;p__Actinobacteriota;c__Acidimicrobiia;o__UBA5794;f__ZC4RG35;g__SZUA-217;s__SZUA-217 sp004356805	GCA_004356805.1	95.0	d__Bacteria;p__Actinobacteriota;c__Acidimicrobiia;o__UBA5794;f__ZC4RG35;g__SZUA-217;s__SZUA-217 sp004356805	96.03	0.66	GCA_004356805.1	95.0	d__Bacteria;p__Actinobacteriota;c__Acidimicrobiia;o__UBA5794;f__ZC4RG35;g__SZUA-217;s__SZUA-217 sp004356805	96.03	0.66	d__Bacteria;p__Actinobacteriota;c__Acidimicrobiia;o__UBA5794;f__ZC4RG35;g__SZUA-217;s__	taxonomic classification defined by topology and ANI	topological placement and ANI have congruent species assignments	GCA_003230435.1, s__SZUA-217 sp003230435, 95.0, 85.59, 0.46	70.97	11	N/A	N/A
A5-S03_47	d__Bacteria;p__Proteobacteria;c__Gammaproteobacteria;o__UBA6522;f__UBA6522;g__SMWC01;s__SMWC01 sp004357505	GCA_004357505.1	95.0	d__Bacteria;p__Proteobacteria;c__Gammaproteobacteria;o__UBA6522;f__UBA6522;g__SMWC01;s__SMWC01 sp004357505	97.03	0.7	GCA_004357505.1	95.0	d__Bacteria;p__Proteobacteria;c__Gammaproteobacteria;o__UBA6522;f__UBA6522;g__SMWC01;s__SMWC01 sp004357505	97.03	0.7	d__Bacteria;p__Proteobacteria;c__Gammaproteobacteria;o__UBA6522;f__UBA6522;g__;s__	taxonomic classification defined by topology and ANI	topological placement and ANI have congruent species assignments	N/A	76.49	11	N/A	N/A
KW1-S11_146	d__Bacteria;p__Proteobacteria;c__Gammaproteobacteria;o__Acidiferrobacterales;f__SPGG2;g__SPGG2;s__SPGG2 sp001643475	GCA_001643475.1	95.0	d__Bacteria;p__Proteobacteria;c__Gammaproteobacteria;o__Acidiferrobacterales;f__SPGG2;g__SPGG2;s__SPGG2 sp001643475	98.58	0.83	GCA_001643475.1	95.0	d__Bacteria;p__Proteobacteria;c__Gammaproteobacteria;o__Acidiferrobacterales;f__SPGG2;g__SPGG2;s__SPGG2 sp001643475	98.58	0.83	d__Bacteria;p__Proteobacteria;c__Gammaproteobacteria;o__Acidiferrobacterales;f__SPGG2;g__;s__	taxonomic classification defined by topology and ANI	topological placement and ANI have congruent species assignments	N/A	94.86	11	N/A	N/A
KW1-S21_28	d__Bacteria;p__Proteobacteria;c__Gammaproteobacteria;o__Burkholderiales;f__Nitrosomonadaceae;g__GCA-2721545;s__GCA-2721545 sp003230615	GCA_003230615.1	95.0	d__Bacteria;p__Proteobacteria;c__Gammaproteobacteria;o__Burkholderiales;f__Nitrosomonadaceae;g__GCA-2721545;s__GCA-2721545 sp003230615	97.75	0.73	GCA_003230615.1	95.0	d__Bacteria;p__Proteobacteria;c__Gammaproteobacteria;o__Burkholderiales;f__Nitrosomonadaceae;g__GCA-2721545;s__GCA-2721545 sp003230615	97.75	0.73	d__Bacteria;p__Proteobacteria;c__Gammaproteobacteria;o__Burkholderiales;f__Nitrosomonadaceae;g__GCA-2721545;s__	taxonomic classification defined by topology and ANI	topological placement and ANI have congruent species assignments	GCA_004356775.1, s__GCA-2721545 sp004356775, 95.0, 85.26, 0.71; GCA_004525885.1, s__GCA-2721545 sp004525885, 95.0, 81.31, 0.56; GCA_002721545.1, s__GCA-2721545 sp002721545, 95.0, 76.37, 0.15	69.05	11	N/A	N/A
KW1-S08_280	d__Bacteria;p__Myxococcota_A;c__UBA9160;o__SZUA-336;f__SZUA-336;g__SMWZ01;s__SMWZ01 sp004356455	GCA_004356455.1	95.0	d__Bacteria;p__Myxococcota_A;c__UBA9160;o__SZUA-336;f__SZUA-336;g__SMWZ01;s__SMWZ01 sp004356455	98.95	0.84	GCA_004356455.1	95.0	d__Bacteria;p__Myxococcota_A;c__UBA9160;o__SZUA-336;f__SZUA-336;g__SMWZ01;s__SMWZ01 sp004356455	98.95	0.84	d__Bacteria;p__Myxococcota_A;c__UBA9160;o__SZUA-336;f__SZUA-336;g__;s__	taxonomic classification defined by topology and ANI	topological placement and ANI have congruent species assignments	N/A	75.89	11	N/A	N/A
KW1-S15_41	d__Bacteria;p__Myxococcota_A;c__UBA9160;o__SZUA-336;f__SZUA-336;g__SMWZ01;s__SMWZ01 sp004356455	GCA_004356455.1	95.0	d__Bacteria;p__Myxococcota_A;c__UBA9160;o__SZUA-336;f__SZUA-336;g__SMWZ01;s__SMWZ01 sp004356455	98.7	0.88	GCA_004356455.1	95.0	d__Bacteria;p__Myxococcota_A;c__UBA9160;o__SZUA-336;f__SZUA-336;g__SMWZ01;s__SMWZ01 sp004356455	98.7	0.88	d__Bacteria;p__Myxococcota_A;c__UBA9160;o__SZUA-336;f__SZUA-336;g__;s__	taxonomic classification defined by topology and ANI	topological placement and ANI have congruent species assignments	N/A	66.03	11	N/A	N/A
KW1-S05_43	d__Bacteria;p__Myxococcota_A;c__UBA9160;o__SZUA-336;f__SZUA-336;g__SMWZ01;s__SMWZ01 sp004356455	GCA_004356455.1	95.0	d__Bacteria;p__Myxococcota_A;c__UBA9160;o__SZUA-336;f__SZUA-336;g__SMWZ01;s__SMWZ01 sp004356455	98.6	0.83	GCA_004356455.1	95.0	d__Bacteria;p__Myxococcota_A;c__UBA9160;o__SZUA-336;f__SZUA-336;g__SMWZ01;s__SMWZ01 sp004356455	98.6	0.83	d__Bacteria;p__Myxococcota_A;c__UBA9160;o__SZUA-336;f__SZUA-336;g__;s__	taxonomic classification defined by topology and ANI	topological placement and ANI have congruent species assignments	N/A	62.82	11	N/A	N/A
A5-S03_4	d__Bacteria;p__Desulfobacterota_D;c__UBA1144;o__UBA2774;f__UBA2774;g__CR02bin9;s__CR02bin9 sp004356555	GCA_004356555.1	95.0	d__Bacteria;p__Desulfobacterota_D;c__UBA1144;o__UBA2774;f__UBA2774;g__CR02bin9;s__CR02bin9 sp004356555	97.42	0.77	GCA_004356555.1	95.0	d__Bacteria;p__Desulfobacterota_D;c__UBA1144;o__UBA2774;f__UBA2774;g__CR02bin9;s__CR02bin9 sp004356555	97.42	0.77	d__Bacteria;p__Desulfobacterota_D;c__UBA1144;o__UBA2774;f__UBA2774;g__CR02bin9;s__	taxonomic classification defined by topology and ANI	topological placement and ANI have congruent species assignments	GCA_004525335.1, s__CR02bin9 sp004525335, 95.0, 78.64, 0.5	81.94	11	N/A	N/A
KW1-S08_226	d__Bacteria;p__Desulfobacterota_D;c__UBA1144;o__UBA2774;f__UBA2774;g__CR02bin9;s__CR02bin9 sp004356555	GCA_004356555.1	95.0	d__Bacteria;p__Desulfobacterota_D;c__UBA1144;o__UBA2774;f__UBA2774;g__CR02bin9;s__CR02bin9 sp004356555	97.38	0.78	GCA_004356555.1	95.0	d__Bacteria;p__Desulfobacterota_D;c__UBA1144;o__UBA2774;f__UBA2774;g__CR02bin9;s__CR02bin9 sp004356555	97.38	0.78	d__Bacteria;p__Desulfobacterota_D;c__UBA1144;o__UBA2774;f__UBA2774;g__CR02bin9;s__	taxonomic classification defined by topology and ANI	topological placement and ANI have congruent species assignments	GCA_004525335.1, s__CR02bin9 sp004525335, 95.0, 78.82, 0.48	83.23	11	N/A	N/A
A5-S04_22	d__Bacteria;p__Desulfobacterota_D;c__UBA1144;o__UBA2774;f__UBA2774;g__CR02bin9;s__CR02bin9 sp004356555	GCA_004356555.1	95.0	d__Bacteria;p__Desulfobacterota_D;c__UBA1144;o__UBA2774;f__UBA2774;g__CR02bin9;s__CR02bin9 sp004356555	97.4	0.78	GCA_004356555.1	95.0	d__Bacteria;p__Desulfobacterota_D;c__UBA1144;o__UBA2774;f__UBA2774;g__CR02bin9;s__CR02bin9 sp004356555	97.4	0.78	d__Bacteria;p__Desulfobacterota_D;c__UBA1144;o__UBA2774;f__UBA2774;g__CR02bin9;s__	taxonomic classification defined by topology and ANI	topological placement and ANI have congruent species assignments	GCA_004525335.1, s__CR02bin9 sp004525335, 95.0, 78.65, 0.5	80.3	11	N/A	N/A
KW1-S05_148	d__Bacteria;p__Desulfobacterota_D;c__UBA1144;o__UBA2774;f__UBA2774;g__CR02bin9;s__CR02bin9 sp004356555	GCA_004356555.1	95.0	d__Bacteria;p__Desulfobacterota_D;c__UBA1144;o__UBA2774;f__UBA2774;g__CR02bin9;s__CR02bin9 sp004356555	97.42	0.79	GCA_004356555.1	95.0	d__Bacteria;p__Desulfobacterota_D;c__UBA1144;o__UBA2774;f__UBA2774;g__CR02bin9;s__CR02bin9 sp004356555	97.42	0.79	d__Bacteria;p__Desulfobacterota_D;c__UBA1144;o__UBA2774;f__UBA2774;g__CR02bin9;s__	taxonomic classification defined by topology and ANI	topological placement and ANI have congruent species assignments	GCA_004525335.1, s__CR02bin9 sp004525335, 95.0, 78.38, 0.5	86.05	11	N/A	N/A
KW1-S15_266	d__Bacteria;p__Desulfobacterota_D;c__UBA1144;o__UBA2774;f__UBA2774;g__CR02bin9;s__CR02bin9 sp004356555	GCA_004356555.1	95.0	d__Bacteria;p__Desulfobacterota_D;c__UBA1144;o__UBA2774;f__UBA2774;g__CR02bin9;s__CR02bin9 sp004356555	97.22	0.79	GCA_004356555.1	95.0	d__Bacteria;p__Desulfobacterota_D;c__UBA1144;o__UBA2774;f__UBA2774;g__CR02bin9;s__CR02bin9 sp004356555	97.22	0.79	d__Bacteria;p__Desulfobacterota_D;c__UBA1144;o__UBA2774;f__UBA2774;g__CR02bin9;s__	taxonomic classification defined by topology and ANI	topological placement and ANI have congruent species assignments	GCA_004525335.1, s__CR02bin9 sp004525335, 95.0, 78.62, 0.52	87.78	11	N/A	N/A
KW1-S21_271	d__Bacteria;p__Desulfobacterota_D;c__UBA1144;o__UBA2774;f__UBA2774;g__CR02bin9;s__CR02bin9 sp004356555	GCA_004356555.1	95.0	d__Bacteria;p__Desulfobacterota_D;c__UBA1144;o__UBA2774;f__UBA2774;g__CR02bin9;s__CR02bin9 sp004356555	97.18	0.77	GCA_004356555.1	95.0	d__Bacteria;p__Desulfobacterota_D;c__UBA1144;o__UBA2774;f__UBA2774;g__CR02bin9;s__CR02bin9 sp004356555	97.18	0.77	d__Bacteria;p__Desulfobacterota_D;c__UBA1144;o__UBA2774;f__UBA2774;g__CR02bin9;s__	taxonomic classification defined by topology and ANI	topological placement and ANI have congruent species assignments	GCA_004525335.1, s__CR02bin9 sp004525335, 95.0, 78.8, 0.49	82.84	11	N/A	N/A
KW1-S11_109	d__Bacteria;p__Desulfobacterota_D;c__UBA1144;o__UBA2774;f__UBA2774;g__CR02bin9;s__CR02bin9 sp004356555	GCA_004356555.1	95.0	d__Bacteria;p__Desulfobacterota_D;c__UBA1144;o__UBA2774;f__UBA2774;g__CR02bin9;s__CR02bin9 sp004356555	97.39	0.76	GCA_004356555.1	95.0	d__Bacteria;p__Desulfobacterota_D;c__UBA1144;o__UBA2774;f__UBA2774;g__CR02bin9;s__CR02bin9 sp004356555	97.39	0.76	d__Bacteria;p__Desulfobacterota_D;c__UBA1144;o__UBA2774;f__UBA2774;g__CR02bin9;s__	taxonomic classification defined by topology and ANI	topological placement and ANI have congruent species assignments	GCA_004525335.1, s__CR02bin9 sp004525335, 95.0, 78.95, 0.5	84.19	11	N/A	N/A
KW1-S05_45	d__Bacteria;p__Methylomirabilota;c__Methylomirabilia;o__Methylomirabilales;f__CSP1-5;g__CSP1-5;s__CSP1-5 sp001643535	GCA_001643535.1	95.0	d__Bacteria;p__Methylomirabilota;c__Methylomirabilia;o__Methylomirabilales;f__CSP1-5;g__CSP1-5;s__CSP1-5 sp001643535	99.27	0.88	GCA_001643535.1	95.0	d__Bacteria;p__Methylomirabilota;c__Methylomirabilia;o__Methylomirabilales;f__CSP1-5;g__CSP1-5;s__CSP1-5 sp001643535	99.27	0.88	d__Bacteria;p__Methylomirabilota;c__Methylomirabilia;o__Methylomirabilales;f__CSP1-5;g__CSP1-5;s__	taxonomic classification defined by topology and ANI	topological placement and ANI have congruent species assignments	GCA_001443495.1, s__CSP1-5 sp001443495, 95.0, 79.37, 0.47	91.49	11	N/A	N/A
A5-S04_125	d__Bacteria;p__Nitrospinota;c__Nitrospinia;o__Nitrospinales;f__Nitrospinaceae;g__SZUA-226;s__SZUA-226 sp004357365	GCA_004357365.1	95.0	d__Bacteria;p__Nitrospinota;c__Nitrospinia;o__Nitrospinales;f__Nitrospinaceae;g__SZUA-226;s__SZUA-226 sp004357365	96.46	0.69	GCA_004357365.1	95.0	d__Bacteria;p__Nitrospinota;c__Nitrospinia;o__Nitrospinales;f__Nitrospinaceae;g__SZUA-226;s__SZUA-226 sp004357365	96.46	0.69	d__Bacteria;p__Nitrospinota;c__Nitrospinia;o__Nitrospinales;f__Nitrospinaceae;g__SZUA-226;s__	taxonomic classification defined by topology and ANI	topological placement and ANI have congruent species assignments	GCA_003229345.1, s__SZUA-226 sp003229345, 95.0, 80.26, 0.49	58.02	11	N/A	N/A
KW1-S08_133	d__Bacteria;p__Bacteroidota;c__Bacteroidia;o__Flavobacteriales;f__Flavobacteriaceae;g__SMXJ01;s__SMXJ01 sp004356305	GCA_004356305.1	95.0	d__Bacteria;p__Bacteroidota;c__Bacteroidia;o__Flavobacteriales;f__Flavobacteriaceae;g__SMXJ01;s__SMXJ01 sp004356305	97.01	0.86	GCA_004356305.1	95.0	d__Bacteria;p__Bacteroidota;c__Bacteroidia;o__Flavobacteriales;f__Flavobacteriaceae;g__SMXJ01;s__SMXJ01 sp004356305	97.01	0.86	d__Bacteria;p__Bacteroidota;c__Bacteroidia;o__Flavobacteriales;f__Flavobacteriaceae;g__;s__	taxonomic classification defined by topology and ANI	topological placement and ANI have congruent species assignments	N/A	89.37	11	N/A	N/A
KW1-S15_306	d__Bacteria;p__KSB1;c__UBA2214;o__CR04bin15;f__CR04bin15;g__CR04bin15;s__CR04bin15 sp004357015	GCA_004357015.1	95.0	d__Bacteria;p__KSB1;c__UBA2214;o__CR04bin15;f__CR04bin15;g__CR04bin15;s__CR04bin15 sp004357015	98.19	0.75	GCA_004357015.1	95.0	d__Bacteria;p__KSB1;c__UBA2214;o__CR04bin15;f__CR04bin15;g__CR04bin15;s__CR04bin15 sp004357015	98.19	0.75	d__Bacteria;p__KSB1;c__UBA2214;o__CR04bin15;f__CR04bin15;g__;s__	taxonomic classification defined by topology and ANI	topological placement and ANI have congruent species assignments	N/A	90.65	11	N/A	N/A
KW1-S11_190	d__Bacteria;p__Gemmatimonadota;c__Gemmatimonadetes;o__Gemmatimonadales;f__GWC2-71-9;g__N074bin45;s__N074bin45 sp004357415	GCA_004357415.1	95.0	d__Bacteria;p__Gemmatimonadota;c__Gemmatimonadetes;o__Gemmatimonadales;f__GWC2-71-9;g__N074bin45;s__N074bin45 sp004357415	96.26	0.69	GCA_004357415.1	95.0	d__Bacteria;p__Gemmatimonadota;c__Gemmatimonadetes;o__Gemmatimonadales;f__GWC2-71-9;g__N074bin45;s__N074bin45 sp004357415	96.26	0.69	d__Bacteria;p__Gemmatimonadota;c__Gemmatimonadetes;o__Gemmatimonadales;f__GWC2-71-9;g__;s__	taxonomic classification defined by topology and ANI	topological placement and ANI have congruent species assignments	N/A	52.22	11	N/A	N/A
A5-S03_30	d__Bacteria;p__Actinobacteriota;c__Acidimicrobiia;o__UBA5794;f__UBA5794;g__;s__	N/A	N/A	N/A	N/A	N/A	N/A	N/A	N/A	N/A	N/A	d__Bacteria;p__Actinobacteriota;c__Acidimicrobiia;o__UBA5794;f__UBA5794;g__;s__	taxonomic classification fully defined by topology	N/A	N/A	60.69	11	0.7886602422393696	N/A
KW1-S11_42	d__Bacteria;p__Actinobacteriota;c__Acidimicrobiia;o__UBA5794;f__ZC4RG35;g__SZUA-217;s__	N/A	N/A	N/A	N/A	N/A	GCA_004356805.1	95.0	d__Bacteria;p__Actinobacteriota;c__Acidimicrobiia;o__UBA5794;f__ZC4RG35;g__SZUA-217;s__SZUA-217 sp004356805	90.49	0.71	d__Bacteria;p__Actinobacteriota;c__Acidimicrobiia;o__UBA5794;f__ZC4RG35;g__SZUA-217;s__	taxonomic classification defined by topology and ANI	N/A	GCA_003230435.1, s__SZUA-217 sp003230435, 95.0, 84.82, 0.54	64.62	11	0.9785868167664008	Genome not assigned to closest species as it falls outside its pre-defined ANI radius
A5-S03_147	d__Bacteria;p__Actinobacteriota;c__Acidimicrobiia;o__UBA5794;f__ZC4RG35;g__SZUA-217;s__	N/A	N/A	N/A	N/A	N/A	GCA_004356805.1	95.0	d__Bacteria;p__Actinobacteriota;c__Acidimicrobiia;o__UBA5794;f__ZC4RG35;g__SZUA-217;s__SZUA-217 sp004356805	90.23	0.69	d__Bacteria;p__Actinobacteriota;c__Acidimicrobiia;o__UBA5794;f__ZC4RG35;g__SZUA-217;s__	taxonomic classification defined by topology and ANI	N/A	GCA_003230435.1, s__SZUA-217 sp003230435, 95.0, 84.81, 0.52	70.22	11	0.9783094626498126	Genome not assigned to closest species as it falls outside its pre-defined ANI radius
KW1-S15_162	d__Bacteria;p__Actinobacteriota;c__Acidimicrobiia;o__UBA5794;f__ZC4RG35;g__SZUA-217;s__	N/A	N/A	N/A	N/A	N/A	GCA_004356805.1	95.0	d__Bacteria;p__Actinobacteriota;c__Acidimicrobiia;o__UBA5794;f__ZC4RG35;g__SZUA-217;s__SZUA-217 sp004356805	90.67	0.73	d__Bacteria;p__Actinobacteriota;c__Acidimicrobiia;o__UBA5794;f__ZC4RG35;g__SZUA-217;s__	taxonomic classification defined by topology and ANI	N/A	GCA_003230435.1, s__SZUA-217 sp003230435, 95.0, 85.24, 0.52	71.87	11	0.9778309117556974	Genome not assigned to closest species as it falls outside its pre-defined ANI radius
A5-S04_75	d__Bacteria;p__Actinobacteriota;c__Acidimicrobiia;o__UBA5794;f__ZC4RG35;g__SZUA-217;s__	N/A	N/A	N/A	N/A	N/A	GCA_004356805.1	95.0	d__Bacteria;p__Actinobacteriota;c__Acidimicrobiia;o__UBA5794;f__ZC4RG35;g__SZUA-217;s__SZUA-217 sp004356805	90.58	0.79	d__Bacteria;p__Actinobacteriota;c__Acidimicrobiia;o__UBA5794;f__ZC4RG35;g__SZUA-217;s__	taxonomic classification defined by topology and ANI	N/A	GCA_003230435.1, s__SZUA-217 sp003230435, 95.0, 85.38, 0.55	68.0	11	0.9777460493213355	Genome not assigned to closest species as it falls outside its pre-defined ANI radius
KW1-S05_59	d__Bacteria;p__Actinobacteriota;c__Acidimicrobiia;o__UBA5794;f__ZC4RG35;g__SZUA-217;s__	N/A	N/A	N/A	N/A	N/A	GCA_004356805.1	95.0	d__Bacteria;p__Actinobacteriota;c__Acidimicrobiia;o__UBA5794;f__ZC4RG35;g__SZUA-217;s__SZUA-217 sp004356805	90.7	0.74	d__Bacteria;p__Actinobacteriota;c__Acidimicrobiia;o__UBA5794;f__ZC4RG35;g__SZUA-217;s__	taxonomic classification defined by topology and ANI	N/A	GCA_003230435.1, s__SZUA-217 sp003230435, 95.0, 84.76, 0.55	65.48	11	0.9773099230360855	Genome not assigned to closest species as it falls outside its pre-defined ANI radius
KW1-S08_213	d__Bacteria;p__Actinobacteriota;c__Acidimicrobiia;o__UBA5794;f__ZC4RG35;g__;s__	N/A	N/A	N/A	N/A	N/A	N/A	N/A	N/A	N/A	N/A	d__Bacteria;p__Actinobacteriota;c__Acidimicrobiia;o__UBA5794;f__ZC4RG35;g__;s__	taxonomic novelty determined using RED	N/A	N/A	77.14	11	0.8745981884457988	N/A
KW1-S05_108	d__Bacteria;p__Chloroflexota;c__Anaerolineae;o__Anaerolineales;f__E44-bin32;g__;s__	N/A	N/A	N/A	N/A	N/A	N/A	N/A	N/A	N/A	N/A	d__Bacteria;p__Chloroflexota;c__Anaerolineae;o__Anaerolineales;f__;g__;s__	taxonomic novelty determined using RED	N/A	N/A	82.82	11	0.8160899094553055	N/A
A5-S04_95	d__Bacteria;p__Chloroflexota;c__Dehalococcoidia;o__UBA1151;f__Bin127;g__UBA9455;s__	N/A	N/A	N/A	N/A	N/A	GCA_002313245.1	95.0	d__Bacteria;p__Chloroflexota;c__Dehalococcoidia;o__UBA1151;f__Bin127;g__UBA9455;s__UBA9455 sp002313245	78.93	0.46	d__Bacteria;p__Chloroflexota;c__Dehalococcoidia;o__UBA1151;f__Bin127;g__;s__	taxonomic classification defined by topology and ANI	N/A	N/A	46.65	11	0.9622158336318408	Genome has more than 11.7% of markers with multiple hits
KW1-S05_112	d__Bacteria;p__Chloroflexota;c__Dehalococcoidia;o__UBA3495;f__GCA-2712585;g__;s__	N/A	N/A	N/A	N/A	N/A	GCA_002712585.1	95.0	d__Bacteria;p__Chloroflexota;c__Dehalococcoidia;o__UBA3495;f__GCA-2712585;g__GCA-2712585;s__GCA-2712585 sp002712585	79.53	0.01	d__Bacteria;p__Chloroflexota;c__Dehalococcoidia;o__UBA3495;f__;g__;s__	taxonomic classification defined by topology and ANI	N/A	N/A	71.17	11	0.764098289139722	N/A
KW1-S21_197	d__Bacteria;p__Chloroflexota;c__Dehalococcoidia;o__UBA3495;f__GCA-2712585;g__;s__	N/A	N/A	N/A	N/A	N/A	GCA_002712585.1	95.0	d__Bacteria;p__Chloroflexota;c__Dehalococcoidia;o__UBA3495;f__GCA-2712585;g__GCA-2712585;s__GCA-2712585 sp002712585	76.19	0.01	d__Bacteria;p__Chloroflexota;c__Dehalococcoidia;o__UBA3495;f__;g__;s__	taxonomic classification defined by topology and ANI	N/A	N/A	78.35	11	0.7595021403632194	N/A
KW1-S21_73	d__Bacteria;p__Chloroflexota;c__Dehalococcoidia;o__UBA6952;f__QGNO01;g__;s__	N/A	N/A	N/A	N/A	N/A	GCA_003228195.2	95.0	d__Bacteria;p__Chloroflexota;c__Dehalococcoidia;o__UBA6952;f__QGNO01;g__QGNO01;s__QGNO01 sp003228195	75.46	0.01	d__Bacteria;p__Chloroflexota;c__Dehalococcoidia;o__UBA6952;f__;g__;s__	taxonomic classification defined by topology and ANI	N/A	N/A	69.92	11	0.7456002604530411	N/A
KW1-S15_215	d__Bacteria;p__Chloroflexota;c__Dehalococcoidia;o__UBA6952;f__QGNO01;g__;s__	N/A	N/A	N/A	N/A	N/A	GCA_003228195.2	95.0	d__Bacteria;p__Chloroflexota;c__Dehalococcoidia;o__UBA6952;f__QGNO01;g__QGNO01;s__QGNO01 sp003228195	75.52	0.01	d__Bacteria;p__Chloroflexota;c__Dehalococcoidia;o__UBA6952;f__;g__;s__	taxonomic classification defined by topology and ANI	N/A	N/A	79.66	11	0.7455720261338148	N/A
KW1-S08_233	d__Bacteria;p__Chloroflexota;c__Dehalococcoidia;o__UBA6952;f__;g__;s__	N/A	N/A	N/A	N/A	N/A	N/A	N/A	N/A	N/A	N/A	d__Bacteria;p__Chloroflexota;c__Dehalococcoidia;o__;f__;g__;s__	taxonomic novelty determined using RED	N/A	N/A	64.09	11	0.6753317928050095	Genome has more than 10.8% of markers with multiple hits
A5-S04_136	d__Bacteria;p__Chloroflexota;c__Dehalococcoidia;o__Bin125;f__Bin125;g__;s__	N/A	N/A	N/A	N/A	N/A	GCA_003228175.2	95.0	d__Bacteria;p__Chloroflexota;c__Dehalococcoidia;o__Bin125;f__Bin125;g__TK10-74A;s__TK10-74A sp003228175	76.73	0.16	d__Bacteria;p__Chloroflexota;c__Dehalococcoidia;o__Bin125;f__Bin125;g__;s__	taxonomic classification defined by topology and ANI	N/A	N/A	66.81	11	0.8319150398672438	N/A
KW1-S08_30	d__Bacteria;p__Chloroflexota;c__Dehalococcoidia;o__Bin125;f__Bin125;g__;s__	N/A	N/A	N/A	N/A	N/A	GCA_003228175.2	95.0	d__Bacteria;p__Chloroflexota;c__Dehalococcoidia;o__Bin125;f__Bin125;g__TK10-74A;s__TK10-74A sp003228175	76.77	0.15	d__Bacteria;p__Chloroflexota;c__Dehalococcoidia;o__Bin125;f__Bin125;g__;s__	taxonomic classification defined by topology and ANI	N/A	N/A	73.65	11	0.8282604119260488	N/A
KW1-S15_72	d__Bacteria;p__Proteobacteria;c__Gammaproteobacteria;o__Pseudomonadales;f__Halieaceae;g__;s__	N/A	N/A	N/A	N/A	N/A	N/A	N/A	N/A	N/A	N/A	d__Bacteria;p__Proteobacteria;c__Gammaproteobacteria;o__Pseudomonadales;f__;g__;s__	taxonomic novelty determined using RED	N/A	N/A	79.48	11	0.8289558533929297	N/A
KW1-S08_198	d__Bacteria;p__Proteobacteria;c__Gammaproteobacteria;o__Pseudomonadales;f__HTCC2089;g__UBA2168;s__	N/A	N/A	N/A	N/A	N/A	GCA_002327525.1	95.0	d__Bacteria;p__Proteobacteria;c__Gammaproteobacteria;o__Pseudomonadales;f__HTCC2089;g__UBA2168;s__UBA2168 sp002327525	75.63	0.07	d__Bacteria;p__Proteobacteria;c__Gammaproteobacteria;o__Pseudomonadales;f__HTCC2089;g__;s__	taxonomic classification defined by topology and ANI	N/A	N/A	96.51	11	0.9013680778926134	N/A
A5-S03_163	d__Bacteria;p__Proteobacteria;c__Gammaproteobacteria;o__Pseudomonadales;f__HTCC2089;g__;s__	N/A	N/A	N/A	N/A	N/A	N/A	N/A	N/A	N/A	N/A	d__Bacteria;p__Proteobacteria;c__Gammaproteobacteria;o__Pseudomonadales;f__HTCC2089;g__;s__	taxonomic novelty determined using RED	N/A	N/A	72.96	11	0.9168041803024715	N/A
KW1-S15_132	d__Bacteria;p__Proteobacteria;c__Gammaproteobacteria;o__Pseudomonadales;f__HTCC2089;g__SMWK01;s__	N/A	N/A	N/A	N/A	N/A	GCA_004356895.1	95.0	d__Bacteria;p__Proteobacteria;c__Gammaproteobacteria;o__Pseudomonadales;f__HTCC2089;g__SMWK01;s__SMWK01 sp004356895	80.73	0.45	d__Bacteria;p__Proteobacteria;c__Gammaproteobacteria;o__Pseudomonadales;f__HTCC2089;g__;s__	taxonomic classification defined by topology and ANI	N/A	N/A	68.39	11	0.9714500457587638	N/A
KW1-S15_137	d__Bacteria;p__Proteobacteria;c__Gammaproteobacteria;o__Pseudomonadales;f__HTCC2089;g__SMWK01;s__	N/A	N/A	N/A	N/A	N/A	GCA_004356895.1	95.0	d__Bacteria;p__Proteobacteria;c__Gammaproteobacteria;o__Pseudomonadales;f__HTCC2089;g__SMWK01;s__SMWK01 sp004356895	80.97	0.54	d__Bacteria;p__Proteobacteria;c__Gammaproteobacteria;o__Pseudomonadales;f__HTCC2089;g__;s__	taxonomic classification defined by topology and ANI	N/A	N/A	84.25	11	0.9694286264302471	N/A
KW1-S21_189	d__Bacteria;p__Proteobacteria;c__Gammaproteobacteria;o__Pseudomonadales;f__HTCC2089;g__SMWK01;s__	N/A	N/A	N/A	N/A	N/A	GCA_004356895.1	95.0	d__Bacteria;p__Proteobacteria;c__Gammaproteobacteria;o__Pseudomonadales;f__HTCC2089;g__SMWK01;s__SMWK01 sp004356895	81.12	0.42	d__Bacteria;p__Proteobacteria;c__Gammaproteobacteria;o__Pseudomonadales;f__HTCC2089;g__;s__	taxonomic classification defined by topology and ANI	N/A	N/A	51.35	11	0.9661060630371565	Genome has more than 13.3% of markers with multiple hits
KW1-S08_89	d__Bacteria;p__Proteobacteria;c__Gammaproteobacteria;o__Pseudomonadales;f__HTCC2089;g__;s__	N/A	N/A	N/A	N/A	N/A	N/A	N/A	N/A	N/A	N/A	d__Bacteria;p__Proteobacteria;c__Gammaproteobacteria;o__Pseudomonadales;f__HTCC2089;g__;s__	taxonomic novelty determined using RED	N/A	N/A	74.78	11	0.9040110464091147	N/A
KW1-S21_231	d__Bacteria;p__Proteobacteria;c__Gammaproteobacteria;o__Pseudomonadales;f__HTCC2089;g__;s__	N/A	N/A	N/A	N/A	N/A	N/A	N/A	N/A	N/A	N/A	d__Bacteria;p__Proteobacteria;c__Gammaproteobacteria;o__Pseudomonadales;f__HTCC2089;g__;s__	taxonomic classification fully defined by topology	N/A	N/A	78.06	11	0.8631425799707816	N/A
KW1-S15_96	d__Bacteria;p__Proteobacteria;c__Gammaproteobacteria;o__Pseudomonadales;f__HTCC2089;g__;s__	N/A	N/A	N/A	N/A	N/A	N/A	N/A	N/A	N/A	N/A	d__Bacteria;p__Proteobacteria;c__Gammaproteobacteria;o__Pseudomonadales;f__HTCC2089;g__;s__	taxonomic classification fully defined by topology	N/A	N/A	87.94	11	0.8165044213054321	N/A
A5-S04_187	d__Bacteria;p__Proteobacteria;c__Gammaproteobacteria;o__Pseudomonadales;f__HTCC2089;g__GCA-002726655;s__	N/A	N/A	N/A	N/A	N/A	N/A	N/A	N/A	N/A	N/A	d__Bacteria;p__Proteobacteria;c__Gammaproteobacteria;o__Pseudomonadales;f__HTCC2089;g__;s__	taxonomic novelty determined using RED	N/A	N/A	83.33	11	0.9439698991995842	N/A
KW1-S15_234	d__Bacteria;p__Proteobacteria;c__Gammaproteobacteria;o__GCA-001735895;f__GCA-001735895;g__GCA-001735895;s__	N/A	N/A	N/A	N/A	N/A	GCA_003645435.1	95.0	d__Bacteria;p__Proteobacteria;c__Gammaproteobacteria;o__GCA-001735895;f__GCA-001735895;g__GCA-001735895;s__GCA-001735895 sp003645435	80.85	0.44	d__Bacteria;p__Proteobacteria;c__Gammaproteobacteria;o__GCA-001735895;f__GCA-001735895;g__GCA-001735895;s__	taxonomic classification defined by topology and ANI	N/A	GCA_003231795.1, s__GCA-001735895 sp003231795, 95.0, 76.75, 0.08; GCA_001735895.1, s__GCA-001735895 sp001735895, 95.0, 76.41, 0.1	78.13	11	0.9459816309900286	N/A
KW1-S21_260	d__Bacteria;p__Proteobacteria;c__Gammaproteobacteria;o__GCA-001735895;f__GCA-001735895;g__GCA-001735895;s__	N/A	N/A	N/A	N/A	N/A	GCA_003645435.1	95.0	d__Bacteria;p__Proteobacteria;c__Gammaproteobacteria;o__GCA-001735895;f__GCA-001735895;g__GCA-001735895;s__GCA-001735895 sp003645435	80.82	0.42	d__Bacteria;p__Proteobacteria;c__Gammaproteobacteria;o__GCA-001735895;f__GCA-001735895;g__GCA-001735895;s__	taxonomic classification defined by topology and ANI	N/A	GCA_003231795.1, s__GCA-001735895 sp003231795, 95.0, 76.64, 0.06; GCA_001735895.1, s__GCA-001735895 sp001735895, 95.0, 76.45, 0.09	70.28	11	0.9441025191155448	N/A
A5-S04_105	d__Bacteria;p__Proteobacteria;c__Gammaproteobacteria;o__GCA-001735895;f__GCA-001735895;g__GCA-001735895;s__	N/A	N/A	N/A	N/A	N/A	GCA_003645435.1	95.0	d__Bacteria;p__Proteobacteria;c__Gammaproteobacteria;o__GCA-001735895;f__GCA-001735895;g__GCA-001735895;s__GCA-001735895 sp003645435	80.67	0.48	d__Bacteria;p__Proteobacteria;c__Gammaproteobacteria;o__GCA-001735895;f__GCA-001735895;g__GCA-001735895;s__	taxonomic classification defined by topology and ANI	N/A	GCA_003231795.1, s__GCA-001735895 sp003231795, 95.0, 76.48, 0.08; GCA_001735895.1, s__GCA-001735895 sp001735895, 95.0, 76.38, 0.11	68.97	11	0.9405607040157822	N/A
KW1-S08_62	d__Bacteria;p__Proteobacteria;c__Gammaproteobacteria;o__GCA-001735895;f__GCA-001735895;g__GCA-001735895;s__	N/A	N/A	N/A	N/A	N/A	GCA_003645435.1	95.0	d__Bacteria;p__Proteobacteria;c__Gammaproteobacteria;o__GCA-001735895;f__GCA-001735895;g__GCA-001735895;s__GCA-001735895 sp003645435	80.61	0.45	d__Bacteria;p__Proteobacteria;c__Gammaproteobacteria;o__GCA-001735895;f__GCA-001735895;g__GCA-001735895;s__	taxonomic classification defined by topology and ANI	N/A	GCA_001735895.1, s__GCA-001735895 sp001735895, 95.0, 76.4, 0.1; GCA_003231795.1, s__GCA-001735895 sp003231795, 95.0, 76.29, 0.08	69.96	11	0.940513952779118	N/A
KW1-S11_124	d__Bacteria;p__Proteobacteria;c__Gammaproteobacteria;o__GCA-001735895;f__GCA-001735895;g__GCA-001735895;s__	N/A	N/A	N/A	N/A	N/A	GCA_003645435.1	95.0	d__Bacteria;p__Proteobacteria;c__Gammaproteobacteria;o__GCA-001735895;f__GCA-001735895;g__GCA-001735895;s__GCA-001735895 sp003645435	81.05	0.48	d__Bacteria;p__Proteobacteria;c__Gammaproteobacteria;o__GCA-001735895;f__GCA-001735895;g__GCA-001735895;s__	taxonomic classification defined by topology and ANI	N/A	GCA_001735895.1, s__GCA-001735895 sp001735895, 95.0, 76.39, 0.1; GCA_003231795.1, s__GCA-001735895 sp003231795, 95.0, 76.38, 0.08	82.64	11	0.9401097155313347	N/A
KW1-S05_77	d__Bacteria;p__Proteobacteria;c__Gammaproteobacteria;o__GCA-001735895;f__GCA-001735895;g__GCA-001735895;s__	N/A	N/A	N/A	N/A	N/A	GCA_003645435.1	95.0	d__Bacteria;p__Proteobacteria;c__Gammaproteobacteria;o__GCA-001735895;f__GCA-001735895;g__GCA-001735895;s__GCA-001735895 sp003645435	80.8	0.46	d__Bacteria;p__Proteobacteria;c__Gammaproteobacteria;o__GCA-001735895;f__GCA-001735895;g__GCA-001735895;s__	taxonomic classification defined by topology and ANI	N/A	GCA_003231795.1, s__GCA-001735895 sp003231795, 95.0, 76.7, 0.08; GCA_001735895.1, s__GCA-001735895 sp001735895, 95.0, 76.35, 0.09	85.54	11	0.9398378286688069	N/A
A5-S03_33	d__Bacteria;p__Proteobacteria;c__Gammaproteobacteria;o__GCA-001735895;f__GCA-001735895;g__GCA-001735895;s__	N/A	N/A	N/A	N/A	N/A	GCA_003645435.1	95.0	d__Bacteria;p__Proteobacteria;c__Gammaproteobacteria;o__GCA-001735895;f__GCA-001735895;g__GCA-001735895;s__GCA-001735895 sp003645435	80.57	0.46	d__Bacteria;p__Proteobacteria;c__Gammaproteobacteria;o__GCA-001735895;f__GCA-001735895;g__GCA-001735895;s__	taxonomic classification defined by topology and ANI	N/A	GCA_003231795.1, s__GCA-001735895 sp003231795, 95.0, 76.28, 0.05; GCA_001735895.1, s__GCA-001735895 sp001735895, 95.0, 76.21, 0.1	65.65	11	0.9378779775705985	N/A
KW1-S05_58	d__Bacteria;p__Proteobacteria;c__Gammaproteobacteria;o__UBA4575;f__UBA4575;g__;s__	N/A	N/A	N/A	N/A	N/A	N/A	N/A	N/A	N/A	N/A	d__Bacteria;p__Proteobacteria;c__Gammaproteobacteria;o__;f__;g__;s__	taxonomic novelty determined using RED	N/A	N/A	93.25	11	0.7647282784996408	N/A
KW1-S15_293	d__Bacteria;p__Proteobacteria;c__Gammaproteobacteria;o__Woeseiales;f__Woeseiaceae;g__;s__	N/A	N/A	N/A	N/A	N/A	N/A	N/A	N/A	N/A	N/A	d__Bacteria;p__Proteobacteria;c__Gammaproteobacteria;o__Woeseiales;f__Woeseiaceae;g__;s__	taxonomic classification fully defined by topology	N/A	N/A	65.2	11	0.8497015874095514	N/A
A5-S04_200	d__Bacteria;p__Proteobacteria;c__Gammaproteobacteria;o__UBA6522;f__UBA6522;g__SMWC01;s__	N/A	N/A	N/A	N/A	N/A	GCA_004357505.1	95.0	d__Bacteria;p__Proteobacteria;c__Gammaproteobacteria;o__UBA6522;f__UBA6522;g__SMWC01;s__SMWC01 sp004357505	96.5	0.64	d__Bacteria;p__Proteobacteria;c__Gammaproteobacteria;o__UBA6522;f__UBA6522;g__;s__	taxonomic classification defined by topology and ANI	N/A	N/A	65.28	11	0.9942206851639839	N/A
KW1-S08_128	d__Bacteria;p__Proteobacteria;c__Gammaproteobacteria;o__UBA6522;f__UBA6522;g__SMWC01;s__	N/A	N/A	N/A	N/A	N/A	GCA_004357505.1	95.0	d__Bacteria;p__Proteobacteria;c__Gammaproteobacteria;o__UBA6522;f__UBA6522;g__SMWC01;s__SMWC01 sp004357505	96.6	0.64	d__Bacteria;p__Proteobacteria;c__Gammaproteobacteria;o__UBA6522;f__UBA6522;g__;s__	taxonomic classification defined by topology and ANI	N/A	N/A	63.83	11	0.9915467261018551	N/A
A5-S04_114	d__Bacteria;p__Proteobacteria;c__Gammaproteobacteria;o__GCA-2729495;f__GCA-2729495;g__;s__	N/A	N/A	N/A	N/A	N/A	GCA_002729495.1	95.0	d__Bacteria;p__Proteobacteria;c__Gammaproteobacteria;o__GCA-2729495;f__GCA-2729495;g__GCA-2729495;s__GCA-2729495 sp002729495	76.53	0.06	d__Bacteria;p__Proteobacteria;c__Gammaproteobacteria;o__GCA-2729495;f__GCA-2729495;g__;s__	taxonomic classification defined by topology and ANI	N/A	N/A	91.33	11	0.8411503796413777	N/A
KW1-S21_82	d__Bacteria;p__Proteobacteria;c__Gammaproteobacteria;o__;f__;g__;s__	N/A	N/A	N/A	N/A	N/A	N/A	N/A	N/A	N/A	N/A	d__Bacteria;p__Proteobacteria;c__Gammaproteobacteria;o__;f__;g__;s__	taxonomic classification fully defined by topology	N/A	N/A	67.28	11	0.6969900738556366	N/A
KW1-S21_238	d__Bacteria;p__Proteobacteria;c__Gammaproteobacteria;o__;f__;g__;s__	N/A	N/A	N/A	N/A	N/A	N/A	N/A	N/A	N/A	N/A	d__Bacteria;p__Proteobacteria;c__Gammaproteobacteria;o__;f__;g__;s__	taxonomic classification fully defined by topology	N/A	N/A	85.22	11	0.6969000424188903	N/A
KW1-S15_75	d__Bacteria;p__Proteobacteria;c__Gammaproteobacteria;o__;f__;g__;s__	N/A	N/A	N/A	N/A	N/A	N/A	N/A	N/A	N/A	N/A	d__Bacteria;p__Proteobacteria;c__Gammaproteobacteria;o__;f__;g__;s__	taxonomic classification fully defined by topology	N/A	N/A	77.88	11	0.6968624105685214	N/A
A5-S04_220	d__Bacteria;p__Proteobacteria;c__Gammaproteobacteria;o__;f__;g__;s__	N/A	N/A	N/A	N/A	N/A	N/A	N/A	N/A	N/A	N/A	d__Bacteria;p__Proteobacteria;c__Gammaproteobacteria;o__;f__;g__;s__	taxonomic classification fully defined by topology	N/A	N/A	82.68	11	0.6965721869000677	N/A
KW1-S05_12	d__Bacteria;p__Proteobacteria;c__Gammaproteobacteria;o__;f__;g__;s__	N/A	N/A	N/A	N/A	N/A	N/A	N/A	N/A	N/A	N/A	d__Bacteria;p__Proteobacteria;c__Gammaproteobacteria;o__;f__;g__;s__	taxonomic classification fully defined by topology	N/A	N/A	86.96	11	0.7066233536443208	N/A
KW1-S11_125	d__Bacteria;p__Proteobacteria;c__Gammaproteobacteria;o__;f__;g__;s__	N/A	N/A	N/A	N/A	N/A	N/A	N/A	N/A	N/A	N/A	d__Bacteria;p__Proteobacteria;c__Gammaproteobacteria;o__;f__;g__;s__	taxonomic classification fully defined by topology	N/A	N/A	79.37	11	0.7060735213297528	N/A
KW1-S05_53	d__Bacteria;p__Proteobacteria;c__Gammaproteobacteria;o__;f__;g__;s__	N/A	N/A	N/A	N/A	N/A	N/A	N/A	N/A	N/A	N/A	d__Bacteria;p__Proteobacteria;c__Gammaproteobacteria;o__;f__;g__;s__	taxonomic classification fully defined by topology	N/A	N/A	65.89	11	0.7058261415274327	N/A
KW1-S11_81	d__Bacteria;p__Proteobacteria;c__Gammaproteobacteria;o__;f__;g__;s__	N/A	N/A	N/A	N/A	N/A	N/A	N/A	N/A	N/A	N/A	d__Bacteria;p__Proteobacteria;c__Gammaproteobacteria;o__;f__;g__;s__	taxonomic classification fully defined by topology	N/A	N/A	84.92	11	0.7058243575921894	N/A
KW1-S15_16	d__Bacteria;p__Proteobacteria;c__Gammaproteobacteria;o__;f__;g__;s__	N/A	N/A	N/A	N/A	N/A	N/A	N/A	N/A	N/A	N/A	d__Bacteria;p__Proteobacteria;c__Gammaproteobacteria;o__;f__;g__;s__	taxonomic classification fully defined by topology	N/A	N/A	82.82	11	0.7057095510792853	N/A
KW1-S15_23	d__Bacteria;p__Proteobacteria;c__Gammaproteobacteria;o__UBA4486;f__UBA4486;g__;s__	N/A	N/A	N/A	N/A	N/A	N/A	N/A	N/A	N/A	N/A	d__Bacteria;p__Proteobacteria;c__Gammaproteobacteria;o__UBA4486;f__UBA4486;g__;s__	taxonomic novelty determined using RED	N/A	N/A	69.88	11	0.8917406285714287	N/A
KW1-S05_110	d__Bacteria;p__Proteobacteria;c__Gammaproteobacteria;o__UBA4486;f__UBA4486;g__;s__	N/A	N/A	N/A	N/A	N/A	N/A	N/A	N/A	N/A	N/A	d__Bacteria;p__Proteobacteria;c__Gammaproteobacteria;o__UBA4486;f__UBA4486;g__;s__	taxonomic novelty determined using RED	N/A	N/A	79.29	11	0.7758080629722921	N/A
KW1-S11_120	d__Bacteria;p__Proteobacteria;c__Gammaproteobacteria;o__UBA4486;f__;g__;s__	N/A	N/A	N/A	N/A	N/A	N/A	N/A	N/A	N/A	N/A	d__Bacteria;p__Proteobacteria;c__Gammaproteobacteria;o__;f__;g__;s__	taxonomic novelty determined using RED	N/A	N/A	96.55	11	0.6671963831216643	N/A
KW1-S21_27	d__Bacteria;p__Proteobacteria;c__Gammaproteobacteria;o__Ga0077536;f__Ga0077536;g__;s__	N/A	N/A	N/A	N/A	N/A	GCA_002292285.1	95.0	d__Bacteria;p__Proteobacteria;c__Gammaproteobacteria;o__Ga0077536;f__Ga0077536;g__UBA981;s__UBA981 sp002292285	76.6	0.05	d__Bacteria;p__Proteobacteria;c__Gammaproteobacteria;o__Ga0077536;f__Ga0077536;g__;s__	taxonomic classification defined by topology and ANI	N/A	N/A	78.45	11	0.8366504796211606	N/A
KW1-S15_149	d__Bacteria;p__Proteobacteria;c__Gammaproteobacteria;o__Ga0077536;f__Ga0077536;g__;s__	N/A	N/A	N/A	N/A	N/A	GCA_002292285.1	95.0	d__Bacteria;p__Proteobacteria;c__Gammaproteobacteria;o__Ga0077536;f__Ga0077536;g__UBA981;s__UBA981 sp002292285	76.62	0.04	d__Bacteria;p__Proteobacteria;c__Gammaproteobacteria;o__Ga0077536;f__Ga0077536;g__;s__	taxonomic classification defined by topology and ANI	N/A	N/A	68.41	11	0.8357744834010478	N/A
KW1-S08_46	d__Bacteria;p__Proteobacteria;c__Gammaproteobacteria;o__Ga0077536;f__Ga0077536;g__;s__	N/A	N/A	N/A	N/A	N/A	GCA_002292285.1	95.0	d__Bacteria;p__Proteobacteria;c__Gammaproteobacteria;o__Ga0077536;f__Ga0077536;g__UBA981;s__UBA981 sp002292285	76.43	0.06	d__Bacteria;p__Proteobacteria;c__Gammaproteobacteria;o__Ga0077536;f__Ga0077536;g__;s__	taxonomic classification defined by topology and ANI	N/A	N/A	63.65	11	0.8353352071433534	N/A
KW1-S05_82	d__Bacteria;p__Proteobacteria;c__Gammaproteobacteria;o__Acidiferrobacterales;f__SPGG2;g__;s__	N/A	N/A	N/A	N/A	N/A	GCA_001643475.1	95.0	d__Bacteria;p__Proteobacteria;c__Gammaproteobacteria;o__Acidiferrobacterales;f__SPGG2;g__SPGG2;s__SPGG2 sp001643475	81.38	0.09	d__Bacteria;p__Proteobacteria;c__Gammaproteobacteria;o__Acidiferrobacterales;f__SPGG2;g__;s__	taxonomic classification defined by topology and ANI	N/A	N/A	97.72	11	0.8391949403989647	N/A
A5-S04_79	d__Bacteria;p__Proteobacteria;c__Alphaproteobacteria;o__GCA-2731375;f__GCA-2731375;g__;s__	N/A	N/A	N/A	N/A	N/A	GCA_002731375.1	95.0	d__Bacteria;p__Proteobacteria;c__Alphaproteobacteria;o__GCA-2731375;f__GCA-2731375;g__GCA-2731375;s__GCA-2731375 sp002731375	75.71	0.05	d__Bacteria;p__Proteobacteria;c__Alphaproteobacteria;o__;f__;g__;s__	taxonomic classification defined by topology and ANI	N/A	N/A	65.71	11	0.7179777888391098	N/A
KW1-S11_145	d__Bacteria;p__Proteobacteria;c__Alphaproteobacteria;o__UBA828;f__;g__;s__	N/A	N/A	N/A	N/A	N/A	N/A	N/A	N/A	N/A	N/A	d__Bacteria;p__Proteobacteria;c__Alphaproteobacteria;o__;f__;g__;s__	taxonomic novelty determined using RED	N/A	N/A	69.27	11	0.6946897305864737	N/A
KW1-S08_186	d__Bacteria;p__Proteobacteria;c__Alphaproteobacteria;o__SMXQ01;f__SMXQ01;g__SMXQ01;s__	N/A	N/A	N/A	N/A	N/A	GCA_004356985.1	95.0	d__Bacteria;p__Proteobacteria;c__Alphaproteobacteria;o__SMXQ01;f__SMXQ01;g__SMXQ01;s__SMXQ01 sp004356985	90.56	0.71	d__Bacteria;p__Proteobacteria;c__Alphaproteobacteria;o__;f__;g__;s__	taxonomic classification defined by topology and ANI	N/A	N/A	91.92	11	0.9667818112534229	Genome not assigned to closest species as it falls outside its pre-defined ANI radius
KW1-S15_8	d__Bacteria;p__Proteobacteria;c__Alphaproteobacteria;o__SMXQ01;f__SMXQ01;g__SMXQ01;s__	N/A	N/A	N/A	N/A	N/A	GCA_004356985.1	95.0	d__Bacteria;p__Proteobacteria;c__Alphaproteobacteria;o__SMXQ01;f__SMXQ01;g__SMXQ01;s__SMXQ01 sp004356985	90.53	0.72	d__Bacteria;p__Proteobacteria;c__Alphaproteobacteria;o__;f__;g__;s__	taxonomic classification defined by topology and ANI	N/A	N/A	88.91	11	0.9667234663419735	Genome not assigned to closest species as it falls outside its pre-defined ANI radius
A5-S03_100	d__Bacteria;p__Proteobacteria;c__Alphaproteobacteria;o__SMXQ01;f__SMXQ01;g__SMXQ01;s__	N/A	N/A	N/A	N/A	N/A	GCA_004356985.1	95.0	d__Bacteria;p__Proteobacteria;c__Alphaproteobacteria;o__SMXQ01;f__SMXQ01;g__SMXQ01;s__SMXQ01 sp004356985	90.56	0.75	d__Bacteria;p__Proteobacteria;c__Alphaproteobacteria;o__;f__;g__;s__	taxonomic classification defined by topology and ANI	N/A	N/A	91.21	11	0.9648816517481191	Genome not assigned to closest species as it falls outside its pre-defined ANI radius
A5-S04_155	d__Bacteria;p__Proteobacteria;c__Alphaproteobacteria;o__SMXQ01;f__SMXQ01;g__SMXQ01;s__	N/A	N/A	N/A	N/A	N/A	GCA_004356985.1	95.0	d__Bacteria;p__Proteobacteria;c__Alphaproteobacteria;o__SMXQ01;f__SMXQ01;g__SMXQ01;s__SMXQ01 sp004356985	90.43	0.76	d__Bacteria;p__Proteobacteria;c__Alphaproteobacteria;o__;f__;g__;s__	taxonomic classification defined by topology and ANI	N/A	N/A	91.41	11	0.9647422271971262	Genome not assigned to closest species as it falls outside its pre-defined ANI radius
KW1-S11_176	d__Bacteria;p__Proteobacteria;c__Alphaproteobacteria;o__SMXQ01;f__SMXQ01;g__SMXQ01;s__	N/A	N/A	N/A	N/A	N/A	GCA_004356985.1	95.0	d__Bacteria;p__Proteobacteria;c__Alphaproteobacteria;o__SMXQ01;f__SMXQ01;g__SMXQ01;s__SMXQ01 sp004356985	90.71	0.73	d__Bacteria;p__Proteobacteria;c__Alphaproteobacteria;o__;f__;g__;s__	taxonomic classification defined by topology and ANI	N/A	N/A	88.45	11	0.9622761944188987	Genome not assigned to closest species as it falls outside its pre-defined ANI radius
KW1-S21_138	d__Bacteria;p__Proteobacteria;c__Alphaproteobacteria;o__SMXQ01;f__SMXQ01;g__SMXQ01;s__	N/A	N/A	N/A	N/A	N/A	GCA_004356985.1	95.0	d__Bacteria;p__Proteobacteria;c__Alphaproteobacteria;o__SMXQ01;f__SMXQ01;g__SMXQ01;s__SMXQ01 sp004356985	90.46	0.7	d__Bacteria;p__Proteobacteria;c__Alphaproteobacteria;o__;f__;g__;s__	taxonomic classification defined by topology and ANI	N/A	N/A	84.38	11	0.9620059211940006	Genome not assigned to closest species as it falls outside its pre-defined ANI radius
KW1-S21_242	d__Bacteria;p__Proteobacteria;c__Alphaproteobacteria;o__SMXQ01;f__SMXQ01;g__SMXQ01;s__	N/A	N/A	N/A	N/A	N/A	GCA_004356985.1	95.0	d__Bacteria;p__Proteobacteria;c__Alphaproteobacteria;o__SMXQ01;f__SMXQ01;g__SMXQ01;s__SMXQ01 sp004356985	79.16	0.48	d__Bacteria;p__Proteobacteria;c__Alphaproteobacteria;o__;f__;g__;s__	taxonomic classification defined by topology and ANI	N/A	N/A	64.92	11	0.8942833139589794	N/A
KW1-S15_135	d__Bacteria;p__Proteobacteria;c__Alphaproteobacteria;o__SMXQ01;f__SMXQ01;g__SMXQ01;s__	N/A	N/A	N/A	N/A	N/A	GCA_004356985.1	95.0	d__Bacteria;p__Proteobacteria;c__Alphaproteobacteria;o__SMXQ01;f__SMXQ01;g__SMXQ01;s__SMXQ01 sp004356985	78.77	0.48	d__Bacteria;p__Proteobacteria;c__Alphaproteobacteria;o__;f__;g__;s__	taxonomic classification defined by topology and ANI	N/A	N/A	67.22	11	0.888891766410145	N/A
A5-S03_68	d__Bacteria;p__Proteobacteria;c__Alphaproteobacteria;o__SMXQ01;f__SMXQ01;g__;s__	N/A	N/A	N/A	N/A	N/A	GCA_004356985.1	95.0	d__Bacteria;p__Proteobacteria;c__Alphaproteobacteria;o__SMXQ01;f__SMXQ01;g__SMXQ01;s__SMXQ01 sp004356985	77.48	0.21	d__Bacteria;p__Proteobacteria;c__Alphaproteobacteria;o__;f__;g__;s__	taxonomic classification defined by topology and ANI	N/A	N/A	67.16	11	0.7536655794158187	N/A
KW1-S11_18	d__Bacteria;p__Proteobacteria;c__Alphaproteobacteria;o__SMXQ01;f__SMXQ01;g__;s__	N/A	N/A	N/A	N/A	N/A	GCA_004356985.1	95.0	d__Bacteria;p__Proteobacteria;c__Alphaproteobacteria;o__SMXQ01;f__SMXQ01;g__SMXQ01;s__SMXQ01 sp004356985	78.98	0.21	d__Bacteria;p__Proteobacteria;c__Alphaproteobacteria;o__;f__;g__;s__	taxonomic classification defined by topology and ANI	N/A	N/A	53.91	11	0.7445789047489423	Genome has more than 10.8% of markers with multiple hits
A5-S03_29	d__Bacteria;p__Proteobacteria;c__Alphaproteobacteria;o__Rhodospirillales;f__2-02-FULL-58-16;g__;s__	N/A	N/A	N/A	N/A	N/A	GCA_002686765.1	95.0	d__Bacteria;p__Proteobacteria;c__Alphaproteobacteria;o__Rhodospirillales;f__2-02-FULL-58-16;g__GCA-2686765;s__GCA-2686765 sp002686765	77.24	0.15	d__Bacteria;p__Proteobacteria;c__Alphaproteobacteria;o__Rhodospirillales;f__2-02-FULL-58-16;g__;s__	taxonomic classification defined by topology and ANI	N/A	N/A	56.9	11	0.826905035573856	N/A
KW1-S08_155	d__Bacteria;p__Proteobacteria;c__Alphaproteobacteria;o__Rhodospirillales;f__2-02-FULL-58-16;g__;s__	N/A	N/A	N/A	N/A	N/A	GCA_002686765.1	95.0	d__Bacteria;p__Proteobacteria;c__Alphaproteobacteria;o__Rhodospirillales;f__2-02-FULL-58-16;g__GCA-2686765;s__GCA-2686765 sp002686765	77.29	0.18	d__Bacteria;p__Proteobacteria;c__Alphaproteobacteria;o__Rhodospirillales;f__2-02-FULL-58-16;g__;s__	taxonomic classification defined by topology and ANI	N/A	N/A	57.7	11	0.8262245105275225	N/A
A5-S03_156	d__Bacteria;p__Proteobacteria;c__Alphaproteobacteria;o__UBA6615;f__UBA6615;g__;s__	N/A	N/A	N/A	N/A	N/A	N/A	N/A	N/A	N/A	N/A	d__Bacteria;p__Proteobacteria;c__Alphaproteobacteria;o__UBA6615;f__UBA6615;g__;s__	taxonomic classification fully defined by topology	N/A	N/A	76.07	11	0.8623799128613936	N/A
KW1-S15_98	d__Bacteria;p__Proteobacteria;c__Alphaproteobacteria;o__UBA6615;f__UBA6615;g__;s__	N/A	N/A	N/A	N/A	N/A	N/A	N/A	N/A	N/A	N/A	d__Bacteria;p__Proteobacteria;c__Alphaproteobacteria;o__UBA6615;f__UBA6615;g__;s__	taxonomic classification fully defined by topology	N/A	N/A	79.07	11	0.8619697032513258	N/A
KW1-S21_115	d__Bacteria;p__Proteobacteria;c__Alphaproteobacteria;o__UBA6615;f__UBA6615;g__;s__	N/A	N/A	N/A	N/A	N/A	N/A	N/A	N/A	N/A	N/A	d__Bacteria;p__Proteobacteria;c__Alphaproteobacteria;o__UBA6615;f__UBA6615;g__;s__	taxonomic classification fully defined by topology	N/A	N/A	80.91	11	0.8612358148222371	N/A
KW1-S08_12	d__Bacteria;p__Proteobacteria;c__Alphaproteobacteria;o__UBA6615;f__UBA6615;g__;s__	N/A	N/A	N/A	N/A	N/A	N/A	N/A	N/A	N/A	N/A	d__Bacteria;p__Proteobacteria;c__Alphaproteobacteria;o__UBA6615;f__UBA6615;g__;s__	taxonomic classification fully defined by topology	N/A	N/A	95.52	11	0.8600999960168167	N/A
KW1-S05_85	d__Bacteria;p__Proteobacteria;c__Alphaproteobacteria;o__UBA6615;f__UBA6615;g__;s__	N/A	N/A	N/A	N/A	N/A	N/A	N/A	N/A	N/A	N/A	d__Bacteria;p__Proteobacteria;c__Alphaproteobacteria;o__UBA6615;f__UBA6615;g__;s__	taxonomic classification fully defined by topology	N/A	N/A	75.34	11	0.8597773030769322	N/A
A5-S04_33	d__Bacteria;p__Proteobacteria;c__Alphaproteobacteria;o__UBA6615;f__UBA6615;g__;s__	N/A	N/A	N/A	N/A	N/A	N/A	N/A	N/A	N/A	N/A	d__Bacteria;p__Proteobacteria;c__Alphaproteobacteria;o__UBA6615;f__UBA6615;g__;s__	taxonomic classification fully defined by topology	N/A	N/A	87.88	11	0.8595423325870944	N/A
KW1-S11_99	d__Bacteria;p__Proteobacteria;c__Alphaproteobacteria;o__UBA6615;f__UBA6615;g__;s__	N/A	N/A	N/A	N/A	N/A	GCA_003230015.1	95.0	d__Bacteria;p__Proteobacteria;c__Alphaproteobacteria;o__UBA6615;f__UBA6615;g__SZUA-147;s__SZUA-147 sp003230015	75.09	0.05	d__Bacteria;p__Proteobacteria;c__Alphaproteobacteria;o__UBA6615;f__UBA6615;g__;s__	taxonomic classification defined by topology and ANI	N/A	N/A	59.01	11	0.7695335110270672	N/A
KW1-S08_17	d__Bacteria;p__Proteobacteria;c__Alphaproteobacteria;o__UBA6615;f__UBA6615;g__;s__	N/A	N/A	N/A	N/A	N/A	GCA_003230015.1	95.0	d__Bacteria;p__Proteobacteria;c__Alphaproteobacteria;o__UBA6615;f__UBA6615;g__SZUA-147;s__SZUA-147 sp003230015	75.05	0.05	d__Bacteria;p__Proteobacteria;c__Alphaproteobacteria;o__UBA6615;f__UBA6615;g__;s__	taxonomic classification defined by topology and ANI	N/A	N/A	69.94	11	0.7648365580801731	N/A
KW1-S21_141	d__Bacteria;p__Proteobacteria;c__Alphaproteobacteria;o__Bin65;f__;g__;s__	N/A	N/A	N/A	N/A	N/A	N/A	N/A	N/A	N/A	N/A	d__Bacteria;p__Proteobacteria;c__Alphaproteobacteria;o__;f__;g__;s__	taxonomic novelty determined using RED	N/A	N/A	86.67	11	0.6949421391634306	N/A
A5-S03_23	d__Bacteria;p__SAR324;c__SAR324;o__SAR324;f__;g__;s__	N/A	N/A	N/A	N/A	N/A	N/A	N/A	N/A	N/A	N/A	d__Bacteria;p__SAR324;c__SAR324;o__;f__;g__;s__	taxonomic novelty determined using RED	N/A	N/A	81.57	11	0.5912282341408402	N/A
KW1-S05_141	d__Bacteria;p__SAR324;c__SAR324;o__SAR324;f__;g__;s__	N/A	N/A	N/A	N/A	N/A	N/A	N/A	N/A	N/A	N/A	d__Bacteria;p__SAR324;c__SAR324;o__;f__;g__;s__	taxonomic novelty determined using RED	N/A	N/A	75.4	11	0.5886511752340441	N/A
KW1-S21_144	d__Bacteria;p__SAR324;c__SAR324;o__SAR324;f__;g__;s__	N/A	N/A	N/A	N/A	N/A	N/A	N/A	N/A	N/A	N/A	d__Bacteria;p__SAR324;c__SAR324;o__;f__;g__;s__	taxonomic novelty determined using RED	N/A	N/A	76.65	11	0.5883241535708895	N/A
KW1-S15_117	d__Bacteria;p__SAR324;c__SAR324;o__SAR324;f__;g__;s__	N/A	N/A	N/A	N/A	N/A	N/A	N/A	N/A	N/A	N/A	d__Bacteria;p__SAR324;c__SAR324;o__;f__;g__;s__	taxonomic novelty determined using RED	N/A	N/A	76.83	11	0.5838258552379266	N/A
KW1-S05_124	d__Bacteria;p__SAR324;c__SAR324;o__SAR324;f__;g__;s__	N/A	N/A	N/A	N/A	N/A	N/A	N/A	N/A	N/A	N/A	d__Bacteria;p__SAR324;c__SAR324;o__;f__;g__;s__	taxonomic novelty determined using RED	N/A	N/A	68.27	11	0.5833455007525074	N/A
A5-S04_77	d__Bacteria;p__SAR324;c__SAR324;o__SAR324;f__;g__;s__	N/A	N/A	N/A	N/A	N/A	N/A	N/A	N/A	N/A	N/A	d__Bacteria;p__SAR324;c__SAR324;o__;f__;g__;s__	taxonomic novelty determined using RED	N/A	N/A	82.4	11	0.5826854944081038	N/A
KW1-S08_229	d__Bacteria;p__SAR324;c__SAR324;o__SAR324;f__;g__;s__	N/A	N/A	N/A	N/A	N/A	N/A	N/A	N/A	N/A	N/A	d__Bacteria;p__SAR324;c__SAR324;o__;f__;g__;s__	taxonomic novelty determined using RED	N/A	N/A	85.08	11	0.5824128667209495	N/A
KW1-S11_15	d__Bacteria;p__SAR324;c__SAR324;o__SAR324;f__;g__;s__	N/A	N/A	N/A	N/A	N/A	N/A	N/A	N/A	N/A	N/A	d__Bacteria;p__SAR324;c__SAR324;o__;f__;g__;s__	taxonomic novelty determined using RED	N/A	N/A	78.31	11	0.5820156839618744	N/A
KW1-S11_24	d__Bacteria;p__SAR324;c__SAR324;o__;f__;g__;s__	N/A	N/A	N/A	N/A	N/A	N/A	N/A	N/A	N/A	N/A	d__Bacteria;p__SAR324;c__SAR324;o__;f__;g__;s__	taxonomic novelty determined using RED	N/A	N/A	70.62	11	0.5737259637126408	N/A
KW1-S15_267	d__Bacteria;p__Myxococcota;c__Polyangia;o__Polyangiales;f__SG8-38;g__;s__	N/A	N/A	N/A	N/A	N/A	N/A	N/A	N/A	N/A	N/A	d__Bacteria;p__Myxococcota;c__Polyangia;o__Polyangiales;f__SG8-38;g__;s__	taxonomic novelty determined using RED	N/A	N/A	78.69	11	0.9052872569611529	N/A
KW1-S15_187	d__Bacteria;p__Myxococcota_A;c__UBA9160;o__UBA9160;f__;g__;s__	N/A	N/A	N/A	N/A	N/A	N/A	N/A	N/A	N/A	N/A	d__Bacteria;p__Myxococcota_A;c__UBA9160;o__UBA9160;f__;g__;s__	taxonomic novelty determined using RED	N/A	N/A	78.27	11	0.7317946456318802	N/A
A5-S03_18	d__Bacteria;p__Myxococcota_A;c__UBA9160;o__UBA9160;f__;g__;s__	N/A	N/A	N/A	N/A	N/A	N/A	N/A	N/A	N/A	N/A	d__Bacteria;p__Myxococcota_A;c__UBA9160;o__UBA9160;f__;g__;s__	taxonomic novelty determined using RED	N/A	N/A	62.14	11	0.7317173588093853	N/A
KW1-S08_192	d__Bacteria;p__Desulfobacterota_B;c__Binatia;o__UBA9968;f__UBA9968;g__;s__	N/A	N/A	N/A	N/A	N/A	N/A	N/A	N/A	N/A	N/A	d__Bacteria;p__Desulfobacterota_B;c__Binatia;o__UBA9968;f__UBA9968;g__;s__	taxonomic novelty determined using RED	N/A	N/A	84.21	11	0.8520300422414842	N/A
KW1-S05_127	d__Bacteria;p__Desulfobacterota_B;c__Binatia;o__UBA9968;f__UBA9968;g__;s__	N/A	N/A	N/A	N/A	N/A	GCA_001798455.1	95.0	d__Bacteria;p__Desulfobacterota_B;c__Binatia;o__UBA9968;f__UBA9968;g__2-12-FULL-57-22;s__2-12-FULL-57-22 sp001798455	76.69	0.04	d__Bacteria;p__Desulfobacterota_B;c__Binatia;o__UBA9968;f__UBA9968;g__;s__	taxonomic classification defined by topology and ANI	N/A	N/A	74.78	11	0.8425120701138793	N/A
A5-S04_119	d__Bacteria;p__Desulfobacterota_B;c__Binatia;o__UBA9968;f__UBA9968;g__;s__	N/A	N/A	N/A	N/A	N/A	GCA_001798455.1	95.0	d__Bacteria;p__Desulfobacterota_B;c__Binatia;o__UBA9968;f__UBA9968;g__2-12-FULL-57-22;s__2-12-FULL-57-22 sp001798455	76.65	0.04	d__Bacteria;p__Desulfobacterota_B;c__Binatia;o__UBA9968;f__UBA9968;g__;s__	taxonomic classification defined by topology and ANI	N/A	N/A	65.69	11	0.8399976539624477	Genome has more than 11.7% of markers with multiple hits
KW1-S21_6	d__Bacteria;p__Desulfobacterota_B;c__Binatia;o__UBA9968;f__UBA9968;g__;s__	N/A	N/A	N/A	N/A	N/A	GCA_001798455.1	95.0	d__Bacteria;p__Desulfobacterota_B;c__Binatia;o__UBA9968;f__UBA9968;g__2-12-FULL-57-22;s__2-12-FULL-57-22 sp001798455	76.52	0.03	d__Bacteria;p__Desulfobacterota_B;c__Binatia;o__UBA9968;f__UBA9968;g__;s__	taxonomic classification defined by topology and ANI	N/A	N/A	68.04	11	0.8390496148851391	N/A
KW1-S15_126	d__Bacteria;p__Desulfobacterota_B;c__Binatia;o__UBA9968;f__;g__;s__	N/A	N/A	N/A	N/A	N/A	N/A	N/A	N/A	N/A	N/A	d__Bacteria;p__Desulfobacterota_B;c__Binatia;o__;f__;g__;s__	taxonomic novelty determined using RED	N/A	N/A	72.08	11	0.681567623062046	Genome has more than 12.5% of markers with multiple hits
A5-S03_104	d__Bacteria;p__Desulfobacterota_B;c__Binatia;o__UBA9968;f__;g__;s__	N/A	N/A	N/A	N/A	N/A	N/A	N/A	N/A	N/A	N/A	d__Bacteria;p__Desulfobacterota_B;c__Binatia;o__;f__;g__;s__	taxonomic novelty determined using RED	N/A	N/A	69.76	11	0.6792716234564793	N/A
KW1-S15_262	d__Bacteria;p__Nitrospirota;c__Nitrospiria;o__Nitrospirales;f__Nitrospiraceae;g__;s__	N/A	N/A	N/A	N/A	N/A	N/A	N/A	N/A	N/A	N/A	d__Bacteria;p__Nitrospirota;c__Nitrospiria;o__Nitrospirales;f__Nitrospiraceae;g__;s__	taxonomic classification fully defined by topology	N/A	N/A	63.55	11	0.8413445798608405	N/A
KW1-S08_122	d__Bacteria;p__Nitrospirota;c__Nitrospiria;o__Nitrospirales;f__UBA8639;g__;s__	N/A	N/A	N/A	N/A	N/A	N/A	N/A	N/A	N/A	N/A	d__Bacteria;p__Nitrospirota;c__Nitrospiria;o__Nitrospirales;f__UBA8639;g__;s__	taxonomic classification fully defined by topology	N/A	N/A	56.41	11	0.831491503169019	N/A
KW1-S15_218	d__Bacteria;p__Nitrospirota;c__Nitrospiria;o__Nitrospirales;f__UBA8639;g__;s__	N/A	N/A	N/A	N/A	N/A	N/A	N/A	N/A	N/A	N/A	d__Bacteria;p__Nitrospirota;c__Nitrospiria;o__Nitrospirales;f__UBA8639;g__;s__	taxonomic classification fully defined by topology	N/A	N/A	80.89	11	0.8212908569946265	N/A
A5-S03_71	d__Bacteria;p__Methylomirabilota;c__Methylomirabilia;o__Methylomirabilales;f__CSP1-5;g__CSP1-5;s__	N/A	N/A	N/A	N/A	N/A	GCA_001643535.1	95.0	d__Bacteria;p__Methylomirabilota;c__Methylomirabilia;o__Methylomirabilales;f__CSP1-5;g__CSP1-5;s__CSP1-5 sp001643535	79.8	0.56	d__Bacteria;p__Methylomirabilota;c__Methylomirabilia;o__Methylomirabilales;f__CSP1-5;g__CSP1-5;s__	taxonomic classification defined by topology and ANI	N/A	GCA_001443495.1, s__CSP1-5 sp001443495, 95.0, 78.24, 0.31	87.1	11	0.8863305944849371	N/A
A5-S04_30	d__Bacteria;p__Nitrospinota;c__Nitrospinia;o__Nitrospinales;f__Nitrospinaceae;g__SZUA-226;s__	N/A	N/A	N/A	N/A	N/A	GCA_004357365.1	95.0	d__Bacteria;p__Nitrospinota;c__Nitrospinia;o__Nitrospinales;f__Nitrospinaceae;g__SZUA-226;s__SZUA-226 sp004357365	89.33	0.68	d__Bacteria;p__Nitrospinota;c__Nitrospinia;o__Nitrospinales;f__Nitrospinaceae;g__SZUA-226;s__	taxonomic classification defined by topology and ANI	N/A	GCA_003229345.1, s__SZUA-226 sp003229345, 95.0, 80.64, 0.45	71.96	11	0.9376071443807229	Genome not assigned to closest species as it falls outside its pre-defined ANI radius
KW1-S21_168	d__Bacteria;p__Tectomicrobia;c__Entotheonellia;o__Entotheonellales;f__Entotheonellaceae;g__;s__	N/A	N/A	N/A	N/A	N/A	GCA_005777235.1	95.0	d__Bacteria;p__Tectomicrobia;c__Entotheonellia;o__Entotheonellales;f__Entotheonellaceae;g__SXND01;s__SXND01 sp005777235	75.07	0.02	d__Bacteria;p__Tectomicrobia;c__Entotheonellia;o__Entotheonellales;f__Entotheonellaceae;g__;s__	taxonomic classification defined by topology and ANI	N/A	N/A	54.8	11	0.8303648952049708	N/A
KW1-S15_188	d__Bacteria;p__Tectomicrobia;c__;o__;f__;g__;s__	N/A	N/A	N/A	N/A	N/A	N/A	N/A	N/A	N/A	N/A	d__Bacteria;p__;c__;o__;f__;g__;s__	taxonomic novelty determined using RED	N/A	N/A	75.62	11	0.43078384427116706	N/A
KW1-S08_268	d__Bacteria;p__Tectomicrobia;c__;o__;f__;g__;s__	N/A	N/A	N/A	N/A	N/A	N/A	N/A	N/A	N/A	N/A	d__Bacteria;p__;c__;o__;f__;g__;s__	taxonomic novelty determined using RED	N/A	N/A	72.98	11	0.42285148135253003	N/A
KW1-S11_180	d__Bacteria;p__Acidobacteriota;c__Acidobacteriae;o__2-12-FULL-54-10;f__;g__;s__	N/A	N/A	N/A	N/A	N/A	N/A	N/A	N/A	N/A	N/A	d__Bacteria;p__Acidobacteriota;c__Acidobacteriae;o__;f__;g__;s__	taxonomic novelty determined using RED	N/A	N/A	79.44	11	0.7470383327897475	N/A
A5-S03_93	d__Bacteria;p__Acidobacteriota;c__Acidobacteriae;o__2-12-FULL-54-10;f__;g__;s__	N/A	N/A	N/A	N/A	N/A	N/A	N/A	N/A	N/A	N/A	d__Bacteria;p__Acidobacteriota;c__Acidobacteriae;o__;f__;g__;s__	taxonomic novelty determined using RED	N/A	N/A	87.2	11	0.7468040087774567	N/A
A5-S04_85	d__Bacteria;p__Acidobacteriota;c__Acidobacteriae;o__UBA7540;f__;g__;s__	N/A	N/A	N/A	N/A	N/A	N/A	N/A	N/A	N/A	N/A	d__Bacteria;p__Acidobacteriota;c__Acidobacteriae;o__;f__;g__;s__	taxonomic novelty determined using RED	N/A	N/A	66.01	11	0.6339381063716911	N/A
KW1-S21_85	d__Bacteria;p__Acidobacteriota;c__Acidobacteriae;o__UBA7540;f__;g__;s__	N/A	N/A	N/A	N/A	N/A	N/A	N/A	N/A	N/A	N/A	d__Bacteria;p__Acidobacteriota;c__Acidobacteriae;o__;f__;g__;s__	taxonomic novelty determined using RED	N/A	N/A	71.27	11	0.6326456702331081	N/A
KW1-S21_196	d__Bacteria;p__Acidobacteriota;c__UBA6911;o__UBA6911;f__RPQK01;g__;s__	N/A	N/A	N/A	N/A	N/A	GCA_003819755.1	95.0	d__Bacteria;p__Acidobacteriota;c__UBA6911;o__UBA6911;f__RPQK01;g__RPQK01;s__RPQK01 sp003819755	75.14	0.02	d__Bacteria;p__Acidobacteriota;c__UBA6911;o__UBA6911;f__;g__;s__	taxonomic classification defined by topology and ANI	N/A	N/A	75.77	11	0.762891322074739	N/A
A5-S03_6	d__Bacteria;p__Acidobacteriota;c__UBA6911;o__UBA6911;f__RPQK01;g__;s__	N/A	N/A	N/A	N/A	N/A	GCA_003819755.1	95.0	d__Bacteria;p__Acidobacteriota;c__UBA6911;o__UBA6911;f__RPQK01;g__RPQK01;s__RPQK01 sp003819755	74.97	0.01	d__Bacteria;p__Acidobacteriota;c__UBA6911;o__UBA6911;f__;g__;s__	taxonomic classification defined by topology and ANI	N/A	N/A	70.58	11	0.7606861218386004	N/A
KW1-S15_197	d__Bacteria;p__Acidobacteriota;c__UBA6911;o__UBA6911;f__RPQK01;g__;s__	N/A	N/A	N/A	N/A	N/A	GCA_003819755.1	95.0	d__Bacteria;p__Acidobacteriota;c__UBA6911;o__UBA6911;f__RPQK01;g__RPQK01;s__RPQK01 sp003819755	75.38	0.01	d__Bacteria;p__Acidobacteriota;c__UBA6911;o__UBA6911;f__;g__;s__	taxonomic classification defined by topology and ANI	N/A	N/A	80.2	11	0.7571064089699122	N/A
A5-S04_18	d__Bacteria;p__Acidobacteriota;c__Thermoanaerobaculia;o__UBA5704;f__UBA5704;g__;s__	N/A	N/A	N/A	N/A	N/A	GCA_006227875.1	95.0	d__Bacteria;p__Acidobacteriota;c__Thermoanaerobaculia;o__UBA5704;f__UBA5704;g__M0029;s__M0029 sp006227875	76.46	0.1	d__Bacteria;p__Acidobacteriota;c__Thermoanaerobaculia;o__UBA5704;f__UBA5704;g__;s__	taxonomic classification defined by topology and ANI	N/A	N/A	75.5	11	0.8010200526237066	N/A
KW1-S11_156	d__Bacteria;p__Acidobacteriota;c__Thermoanaerobaculia;o__UBA5704;f__UBA5704;g__;s__	N/A	N/A	N/A	N/A	N/A	GCA_006227875.1	95.0	d__Bacteria;p__Acidobacteriota;c__Thermoanaerobaculia;o__UBA5704;f__UBA5704;g__M0029;s__M0029 sp006227875	76.47	0.1	d__Bacteria;p__Acidobacteriota;c__Thermoanaerobaculia;o__UBA5704;f__UBA5704;g__;s__	taxonomic classification defined by topology and ANI	N/A	N/A	66.88	11	0.7901727600522376	N/A
KW1-S21_160	d__Bacteria;p__Acidobacteriota;c__Mor1;o__SMYD01;f__SMYD01;g__SMYD01;s__	N/A	N/A	N/A	N/A	N/A	GCA_004356015.1	95.0	d__Bacteria;p__Acidobacteriota;c__Mor1;o__SMYD01;f__SMYD01;g__SMYD01;s__SMYD01 sp004356015	87.06	0.84	d__Bacteria;p__Acidobacteriota;c__Mor1;o__;f__;g__;s__	taxonomic classification defined by topology and ANI	N/A	N/A	63.06	11	0.9564729970180217	Genome not assigned to closest species as it falls outside its pre-defined ANI radius
KW1-S11_89	d__Bacteria;p__Acidobacteriota;c__Mor1;o__SMYD01;f__SMYD01;g__SMYD01;s__	N/A	N/A	N/A	N/A	N/A	GCA_004356015.1	95.0	d__Bacteria;p__Acidobacteriota;c__Mor1;o__SMYD01;f__SMYD01;g__SMYD01;s__SMYD01 sp004356015	87.12	0.82	d__Bacteria;p__Acidobacteriota;c__Mor1;o__;f__;g__;s__	taxonomic classification defined by topology and ANI	N/A	N/A	62.56	11	0.9547736035294498	Genome not assigned to closest species as it falls outside its pre-defined ANI radius
KW1-S08_174	d__Bacteria;p__Acidobacteriota;c__Mor1;o__SMYD01;f__SMYD01;g__SMYD01;s__	N/A	N/A	N/A	N/A	N/A	GCA_004356015.1	95.0	d__Bacteria;p__Acidobacteriota;c__Mor1;o__SMYD01;f__SMYD01;g__SMYD01;s__SMYD01 sp004356015	87.16	0.82	d__Bacteria;p__Acidobacteriota;c__Mor1;o__;f__;g__;s__	taxonomic classification defined by topology and ANI	N/A	N/A	65.14	11	0.95212824985484	Genome not assigned to closest species as it falls outside its pre-defined ANI radius
KW1-S15_183	d__Bacteria;p__Acidobacteriota;c__Mor1;o__SMYD01;f__SMYD01;g__SMYD01;s__	N/A	N/A	N/A	N/A	N/A	GCA_004356015.1	95.0	d__Bacteria;p__Acidobacteriota;c__Mor1;o__SMYD01;f__SMYD01;g__SMYD01;s__SMYD01 sp004356015	87.25	0.78	d__Bacteria;p__Acidobacteriota;c__Mor1;o__;f__;g__;s__	taxonomic classification defined by topology and ANI	N/A	N/A	63.45	11	0.9519685822533765	Genome not assigned to closest species as it falls outside its pre-defined ANI radius
KW1-S08_251	d__Bacteria;p__Acidobacteriota;c__Mor1;o__Gp22-AA2;f__Gp22-AA2;g__;s__	N/A	N/A	N/A	N/A	N/A	N/A	N/A	N/A	N/A	N/A	d__Bacteria;p__Acidobacteriota;c__Mor1;o__Gp22-AA2;f__;g__;s__	taxonomic novelty determined using RED	N/A	N/A	59.33	11	0.7663339252780417	N/A
KW1-S11_103	d__Bacteria;p__Acidobacteriota;c__Mor1;o__;f__;g__;s__	N/A	N/A	N/A	N/A	N/A	N/A	N/A	N/A	N/A	N/A	d__Bacteria;p__Acidobacteriota;c__Mor1;o__;f__;g__;s__	taxonomic novelty determined using RED	N/A	N/A	77.62	11	0.5033748148932148	N/A
KW1-S15_279	d__Bacteria;p__Acidobacteriota;c__Mor1;o__;f__;g__;s__	N/A	N/A	N/A	N/A	N/A	N/A	N/A	N/A	N/A	N/A	d__Bacteria;p__Acidobacteriota;c__Mor1;o__;f__;g__;s__	taxonomic novelty determined using RED	N/A	N/A	91.88	11	0.5019031037442782	N/A
KW1-S08_28	d__Bacteria;p__Poribacteria;c__WGA-4E;o__WGA-4E;f__PCPOR2b;g__;s__	N/A	N/A	N/A	N/A	N/A	GCA_003635265.1	95.0	d__Bacteria;p__Poribacteria;c__WGA-4E;o__WGA-4E;f__PCPOR2b;g__PCPOR2b;s__PCPOR2b sp003635265	76.29	0.11	d__Bacteria;p__Poribacteria;c__WGA-4E;o__WGA-4E;f__;g__;s__	taxonomic classification defined by topology and ANI	N/A	N/A	81.53	11	0.8076960357173049	N/A
KW1-S08_242	d__Bacteria;p__Bacteroidota;c__Bacteroidia;o__Cytophagales;f__Cyclobacteriaceae;g__;s__	N/A	N/A	N/A	N/A	N/A	N/A	N/A	N/A	N/A	N/A	d__Bacteria;p__Bacteroidota;c__Bacteroidia;o__Cytophagales;f__Cyclobacteriaceae;g__;s__	taxonomic novelty determined using RED	N/A	N/A	71.43	11	0.7894876300200773	N/A
KW1-S21_52	d__Bacteria;p__Bacteroidota;c__Bacteroidia;o__Cytophagales;f__Cyclobacteriaceae;g__;s__	N/A	N/A	N/A	N/A	N/A	N/A	N/A	N/A	N/A	N/A	d__Bacteria;p__Bacteroidota;c__Bacteroidia;o__Cytophagales;f__Cyclobacteriaceae;g__;s__	taxonomic novelty determined using RED	N/A	N/A	59.05	11	0.7864417713820109	N/A
A5-S04_70	d__Bacteria;p__Bacteroidota;c__Bacteroidia;o__Cytophagales;f__Cyclobacteriaceae;g__;s__	N/A	N/A	N/A	N/A	N/A	N/A	N/A	N/A	N/A	N/A	d__Bacteria;p__Bacteroidota;c__Bacteroidia;o__Cytophagales;f__Cyclobacteriaceae;g__;s__	taxonomic novelty determined using RED	N/A	N/A	65.28	11	0.7852744464140716	N/A
KW1-S08_222	d__Bacteria;p__Bacteroidota;c__Rhodothermia;o__Rhodothermales;f__UBA10348;g__SMXL01;s__	N/A	N/A	N/A	N/A	N/A	GCA_004356385.1	95.0	d__Bacteria;p__Bacteroidota;c__Rhodothermia;o__Rhodothermales;f__UBA10348;g__SMXL01;s__SMXL01 sp004356385	79.64	0.31	d__Bacteria;p__Bacteroidota;c__Rhodothermia;o__Rhodothermales;f__UBA10348;g__;s__	taxonomic classification defined by topology and ANI	N/A	N/A	54.86	11	0.9427278995079602	N/A
KW1-S11_65	d__Bacteria;p__Bacteroidota;c__Rhodothermia;o__Rhodothermales;f__UBA10348;g__SMXL01;s__	N/A	N/A	N/A	N/A	N/A	GCA_004356385.1	95.0	d__Bacteria;p__Bacteroidota;c__Rhodothermia;o__Rhodothermales;f__UBA10348;g__SMXL01;s__SMXL01 sp004356385	78.63	0.31	d__Bacteria;p__Bacteroidota;c__Rhodothermia;o__Rhodothermales;f__UBA10348;g__;s__	taxonomic classification defined by topology and ANI	N/A	N/A	59.78	11	0.9378959168575949	N/A
KW1-S15_2	d__Bacteria;p__Bacteroidota;c__UBA10030;o__UBA10030;f__UBA6906;g__;s__	N/A	N/A	N/A	N/A	N/A	N/A	N/A	N/A	N/A	N/A	d__Bacteria;p__Bacteroidota;c__UBA10030;o__UBA10030;f__UBA6906;g__;s__	taxonomic classification fully defined by topology	N/A	N/A	89.5	11	0.7825237304798516	N/A
KW1-S08_236	d__Bacteria;p__Bacteroidota;c__Ignavibacteria;o__Ignavibacteriales;f__Ignavibacteriaceae;g__BMS3ABIN03;s__	N/A	N/A	N/A	N/A	N/A	GCA_002898075.1	95.0	d__Bacteria;p__Bacteroidota;c__Ignavibacteria;o__Ignavibacteriales;f__Ignavibacteriaceae;g__BMS3ABIN03;s__BMS3ABIN03 sp002898075	76.27	0.12	d__Bacteria;p__Bacteroidota;c__Ignavibacteria;o__Ignavibacteriales;f__Ignavibacteriaceae;g__;s__	taxonomic classification defined by topology and ANI	N/A	N/A	71.77	11	0.8834701150470093	Genome has more than 10.8% of markers with multiple hits
KW1-S15_112	d__Bacteria;p__Latescibacterota;c__UBA2968;o__UBA2968;f__;g__;s__	N/A	N/A	N/A	N/A	N/A	N/A	N/A	N/A	N/A	N/A	d__Bacteria;p__Latescibacterota;c__UBA2968;o__UBA2968;f__;g__;s__	taxonomic novelty determined using RED	N/A	N/A	81.15	11	0.693018291562773	N/A
KW1-S11_87	d__Bacteria;p__Gemmatimonadota;c__Gemmatimonadetes;o__Gemmatimonadales;f__GWC2-71-9;g__;s__	N/A	N/A	N/A	N/A	N/A	GCA_002923375.1	95.0	d__Bacteria;p__Gemmatimonadota;c__Gemmatimonadetes;o__Gemmatimonadales;f__GWC2-71-9;g__HRBIN33;s__HRBIN33 sp002923375	76.33	0.01	d__Bacteria;p__Gemmatimonadota;c__Gemmatimonadetes;o__Gemmatimonadales;f__GWC2-71-9;g__;s__	taxonomic classification defined by topology and ANI	N/A	N/A	89.38	11	0.8208553598058094	N/A
KW1-S21_193	d__Bacteria;p__Gemmatimonadota;c__Gemmatimonadetes;o__Gemmatimonadales;f__GWC2-71-9;g__;s__	N/A	N/A	N/A	N/A	N/A	GCA_002923375.1	95.0	d__Bacteria;p__Gemmatimonadota;c__Gemmatimonadetes;o__Gemmatimonadales;f__GWC2-71-9;g__HRBIN33;s__HRBIN33 sp002923375	75.91	0.02	d__Bacteria;p__Gemmatimonadota;c__Gemmatimonadetes;o__Gemmatimonadales;f__GWC2-71-9;g__;s__	taxonomic classification defined by topology and ANI	N/A	N/A	64.8	11	0.8131537579785609	N/A
KW1-S21_32	d__Bacteria;p__Gemmatimonadota;c__Gemmatimonadetes;o__Gemmatimonadales;f__GWC2-71-9;g__;s__	N/A	N/A	N/A	N/A	N/A	GCA_002923375.1	95.0	d__Bacteria;p__Gemmatimonadota;c__Gemmatimonadetes;o__Gemmatimonadales;f__GWC2-71-9;g__HRBIN33;s__HRBIN33 sp002923375	75.82	0.05	d__Bacteria;p__Gemmatimonadota;c__Gemmatimonadetes;o__Gemmatimonadales;f__GWC2-71-9;g__;s__	taxonomic classification defined by topology and ANI	N/A	N/A	89.66	11	0.8125199416364248	N/A
A5-S04_112	d__Bacteria;p__Gemmatimonadota;c__Gemmatimonadetes;o__;f__;g__;s__	N/A	N/A	N/A	N/A	N/A	N/A	N/A	N/A	N/A	N/A	d__Bacteria;p__Gemmatimonadota;c__Gemmatimonadetes;o__;f__;g__;s__	taxonomic novelty determined using RED	N/A	N/A	85.14	11	0.5608026205280189	N/A
KW1-S21_123	d__Bacteria;p__Gemmatimonadota;c__Gemmatimonadetes;o__;f__;g__;s__	N/A	N/A	N/A	N/A	N/A	N/A	N/A	N/A	N/A	N/A	d__Bacteria;p__Gemmatimonadota;c__Gemmatimonadetes;o__;f__;g__;s__	taxonomic novelty determined using RED	N/A	N/A	61.11	11	0.5586149678762652	N/A
KW1-S15_115	d__Bacteria;p__Krumholzibacteriota;c__Krumholzibacteria;o__;f__;g__;s__	N/A	N/A	N/A	N/A	N/A	N/A	N/A	N/A	N/A	N/A	d__Bacteria;p__Krumholzibacteriota;c__Krumholzibacteria;o__;f__;g__;s__	taxonomic novelty determined using RED	N/A	N/A	79.42	11	0.5005584472928839	N/A
KW1-S08_24	d__Bacteria;p__Verrucomicrobiota;c__Verrucomicrobiae;o__Opitutales;f__UBA2995;g__UBA2995;s__	N/A	N/A	N/A	N/A	N/A	GCA_002346535.1	95.0	d__Bacteria;p__Verrucomicrobiota;c__Verrucomicrobiae;o__Opitutales;f__UBA2995;g__UBA2995;s__UBA2995 sp002346535	76.49	0.07	d__Bacteria;p__Verrucomicrobiota;c__Verrucomicrobiae;o__Opitutales;f__;g__;s__	taxonomic classification defined by topology and ANI	N/A	N/A	72.06	11	0.9090999341162752	N/A
A5-S03_121	d__Bacteria;p__Planctomycetota;c__Phycisphaerae;o__Phycisphaerales;f__SM1A02;g__;s__	N/A	N/A	N/A	N/A	N/A	GCA_007135295.1	95.0	d__Bacteria;p__Planctomycetota;c__Phycisphaerae;o__Phycisphaerales;f__SM1A02;g__SLJD01;s__SLJD01 sp007135295	76.04	0.06	d__Bacteria;p__Planctomycetota;c__Phycisphaerae;o__Phycisphaerales;f__SM1A02;g__;s__	taxonomic classification defined by topology and ANI	N/A	N/A	62.94	11	0.8468905738589739	N/A
KW1-S15_31	d__Bacteria;p__Planctomycetota;c__Phycisphaerae;o__Phycisphaerales;f__SM1A02;g__;s__	N/A	N/A	N/A	N/A	N/A	GCA_007135295.1	95.0	d__Bacteria;p__Planctomycetota;c__Phycisphaerae;o__Phycisphaerales;f__SM1A02;g__SLJD01;s__SLJD01 sp007135295	76.18	0.06	d__Bacteria;p__Planctomycetota;c__Phycisphaerae;o__Phycisphaerales;f__SM1A02;g__;s__	taxonomic classification defined by topology and ANI	N/A	N/A	69.64	11	0.8452554231786512	N/A
KW1-S21_174	d__Bacteria;p__Planctomycetota;c__Phycisphaerae;o__Phycisphaerales;f__SM1A02;g__;s__	N/A	N/A	N/A	N/A	N/A	GCA_007135295.1	95.0	d__Bacteria;p__Planctomycetota;c__Phycisphaerae;o__Phycisphaerales;f__SM1A02;g__SLJD01;s__SLJD01 sp007135295	75.77	0.06	d__Bacteria;p__Planctomycetota;c__Phycisphaerae;o__Phycisphaerales;f__SM1A02;g__;s__	taxonomic classification defined by topology and ANI	N/A	N/A	70.44	11	0.8447369122265147	N/A
KW1-S08_200	d__Bacteria;p__Planctomycetota;c__Phycisphaerae;o__Phycisphaerales;f__SM1A02;g__;s__	N/A	N/A	N/A	N/A	N/A	GCA_007135295.1	95.0	d__Bacteria;p__Planctomycetota;c__Phycisphaerae;o__Phycisphaerales;f__SM1A02;g__SLJD01;s__SLJD01 sp007135295	76.14	0.06	d__Bacteria;p__Planctomycetota;c__Phycisphaerae;o__Phycisphaerales;f__SM1A02;g__;s__	taxonomic classification defined by topology and ANI	N/A	N/A	68.59	11	0.8446786618164589	N/A
KW1-S05_126	d__Bacteria;p__Planctomycetota;c__Phycisphaerae;o__Phycisphaerales;f__SM1A02;g__;s__	N/A	N/A	N/A	N/A	N/A	GCA_007135295.1	95.0	d__Bacteria;p__Planctomycetota;c__Phycisphaerae;o__Phycisphaerales;f__SM1A02;g__SLJD01;s__SLJD01 sp007135295	76.56	0.06	d__Bacteria;p__Planctomycetota;c__Phycisphaerae;o__Phycisphaerales;f__SM1A02;g__;s__	taxonomic classification defined by topology and ANI	N/A	N/A	63.61	11	0.8438062120452867	N/A
KW1-S11_163	d__Bacteria;p__Planctomycetota;c__Phycisphaerae;o__Phycisphaerales;f__SM1A02;g__;s__	N/A	N/A	N/A	N/A	N/A	GCA_007135295.1	95.0	d__Bacteria;p__Planctomycetota;c__Phycisphaerae;o__Phycisphaerales;f__SM1A02;g__SLJD01;s__SLJD01 sp007135295	76.03	0.06	d__Bacteria;p__Planctomycetota;c__Phycisphaerae;o__Phycisphaerales;f__SM1A02;g__;s__	taxonomic classification defined by topology and ANI	N/A	N/A	72.44	11	0.8437476953153609	N/A
A5-S04_131	d__Bacteria;p__Planctomycetota;c__Phycisphaerae;o__Phycisphaerales;f__SM1A02;g__;s__	N/A	N/A	N/A	N/A	N/A	GCA_007135295.1	95.0	d__Bacteria;p__Planctomycetota;c__Phycisphaerae;o__Phycisphaerales;f__SM1A02;g__SLJD01;s__SLJD01 sp007135295	75.81	0.05	d__Bacteria;p__Planctomycetota;c__Phycisphaerae;o__Phycisphaerales;f__SM1A02;g__;s__	taxonomic classification defined by topology and ANI	N/A	N/A	63.47	11	0.8422654695972	N/A
KW1-S15_97	d__Bacteria;p__Planctomycetota;c__Phycisphaerae;o__Phycisphaerales;f__SM1A02;g__;s__	N/A	N/A	N/A	N/A	N/A	GCA_007135295.1	95.0	d__Bacteria;p__Planctomycetota;c__Phycisphaerae;o__Phycisphaerales;f__SM1A02;g__SLJD01;s__SLJD01 sp007135295	75.59	0.05	d__Bacteria;p__Planctomycetota;c__Phycisphaerae;o__Phycisphaerales;f__SM1A02;g__;s__	taxonomic classification defined by topology and ANI	N/A	N/A	68.0	11	0.8402834473740461	N/A
KW1-S21_104	d__Bacteria;p__Planctomycetota;c__Phycisphaerae;o__UBA1845;f__UTPLA1;g__;s__	N/A	N/A	N/A	N/A	N/A	N/A	N/A	N/A	N/A	N/A	d__Bacteria;p__Planctomycetota;c__Phycisphaerae;o__UBA1845;f__;g__;s__	taxonomic novelty determined using RED	N/A	N/A	67.9	11	0.7738398186458384	N/A
KW1-S08_237	d__Bacteria;p__Planctomycetota;c__Phycisphaerae;o__UBA1845;f__UTPLA1;g__;s__	N/A	N/A	N/A	N/A	N/A	N/A	N/A	N/A	N/A	N/A	d__Bacteria;p__Planctomycetota;c__Phycisphaerae;o__UBA1845;f__;g__;s__	taxonomic novelty determined using RED	N/A	N/A	63.45	11	0.7732155577699303	N/A
KW1-S15_14	d__Bacteria;p__Planctomycetota;c__Phycisphaerae;o__UBA1845;f__UTPLA1;g__;s__	N/A	N/A	N/A	N/A	N/A	N/A	N/A	N/A	N/A	N/A	d__Bacteria;p__Planctomycetota;c__Phycisphaerae;o__UBA1845;f__;g__;s__	taxonomic novelty determined using RED	N/A	N/A	56.21	11	0.7686439308451706	N/A
KW1-S08_227	d__Bacteria;p__Planctomycetota;c__Phycisphaerae;o__UBA1845;f__;g__;s__	N/A	N/A	N/A	N/A	N/A	N/A	N/A	N/A	N/A	N/A	d__Bacteria;p__Planctomycetota;c__Phycisphaerae;o__UBA1845;f__;g__;s__	taxonomic novelty determined using RED	N/A	N/A	70.79	11	0.6873103572010821	N/A
KW1-S08_134	d__Bacteria;p__Planctomycetota;c__UBA1135;o__UBA1135;f__GCA-002686595;g__;s__	N/A	N/A	N/A	N/A	N/A	GCA_002683825.1	95.0	d__Bacteria;p__Planctomycetota;c__UBA1135;o__UBA1135;f__GCA-002686595;g__GCA-2683825;s__GCA-2683825 sp002683825	76.57	0.13	d__Bacteria;p__Planctomycetota;c__UBA1135;o__UBA1135;f__GCA-002686595;g__;s__	taxonomic classification defined by topology and ANI	N/A	N/A	64.88	11	0.8258856413859821	N/A
KW1-S15_211	d__Bacteria;p__Planctomycetota;c__UBA1135;o__;f__;g__;s__	N/A	N/A	N/A	N/A	N/A	N/A	N/A	N/A	N/A	N/A	d__Bacteria;p__Planctomycetota;c__;o__;f__;g__;s__	taxonomic novelty determined using RED	N/A	N/A	50.38	11	0.4924323985642148	N/A
KW1-S05_81	d__Bacteria;p__Planctomycetota;c__UBA8742;o__;f__;g__;s__	N/A	N/A	N/A	N/A	N/A	N/A	N/A	N/A	N/A	N/A	d__Bacteria;p__Planctomycetota;c__;o__;f__;g__;s__	taxonomic novelty determined using RED	N/A	N/A	88.12	11	0.4697586838809832	N/A
KW1-S15_200	d__Bacteria;p__Planctomycetota;c__UBA8108;o__UBA8108;f__UBA8108;g__;s__	N/A	N/A	N/A	N/A	N/A	N/A	N/A	N/A	N/A	N/A	d__Bacteria;p__Planctomycetota;c__UBA8108;o__UBA8108;f__;g__;s__	taxonomic novelty determined using RED	N/A	N/A	53.53	11	0.7669525221923745	N/A
KW1-S15_114	d__Bacteria;p__Planctomycetota;c__J132;o__;f__;g__;s__	N/A	N/A	N/A	N/A	N/A	N/A	N/A	N/A	N/A	N/A	d__Bacteria;p__Planctomycetota;c__;o__;f__;g__;s__	taxonomic novelty determined using RED	N/A	N/A	79.17	11	0.4456547033973002	N/A
KW1-S08_144	d__Bacteria;p__Planctomycetota;c__J132;o__;f__;g__;s__	N/A	N/A	N/A	N/A	N/A	N/A	N/A	N/A	N/A	N/A	d__Bacteria;p__Planctomycetota;c__;o__;f__;g__;s__	taxonomic novelty determined using RED	N/A	N/A	63.41	11	0.4399869586296713	N/A
